"阶段","分类ID","分类","命令ID","条目","级别","类型","首词可执行","状态","课程ID","卡片ID","故障剧本ID","建议动作"
"1","linux-basic","Linux 基础与文件操作","lb-ls","ls","1","command","是","已教已练","ls-long;ls-time;basic-free-space;basic-copy-move;basic-perm-tree;basic-tar-backup;sh-log-archive-loop;sh-first-script;sec-baseline-eye;hl-chart-scaffold-check","card-lb-ls-recent-change;card-lb-find-mtime-old;card-lb-ls-ld-dir","cheat-too-many-files","已贯通"
"1","linux-basic","Linux 基础与文件操作","lb-cd","cd","1","command","是","已教已练","ci-git-commit-config","card-lb-pwd-cwd","","已贯通"
"1","linux-basic","Linux 基础与文件操作","lb-pwd","pwd","1","command","是","有卡无课","","card-lb-pwd-cwd","","评估补课程步骤"
"1","linux-basic","Linux 基础与文件操作","lb-mkdir","mkdir","1","command","是","有卡无课","","card-lb-mkdir-p-idempotent","","评估补课程步骤"
"1","linux-basic","Linux 基础与文件操作","lb-rmdir","rmdir","1","command","否","有卡无课","","card-lb-rm-r-dir","","评估补真实环境操作讲解"
"1","linux-basic","Linux 基础与文件操作","lb-tree","tree","2","command","是","已教已练","basic-handover-zip","card-chain-zip-audit","","已贯通"
"1","linux-basic","Linux 基础与文件操作","lb-basename","basename","2","command","是","已教已练","basic-handover-zip","card-chain-path-parts","","已贯通"
"1","linux-basic","Linux 基础与文件操作","lb-dirname","dirname","2","command","是","已教已练","basic-handover-zip","card-chain-path-parts","","已贯通"
"1","linux-basic","Linux 基础与文件操作","lb-cat","cat","1","command","是","有课无卡","grep-context;lt-jq-json-fields;hl-chart-scaffold-check","","cheat-mem;cheat-too-many-files;cheat-docker-image","评估补迁移/辨析卡"
"1","linux-basic","Linux 基础与文件操作","lb-tac","tac","2","command","是","无课无卡","","","","按命令补强取舍逐条复核，不因首词可执行而直接补课"
"1","linux-basic","Linux 基础与文件操作","lb-less","less","1","command","否","有卡无课","","card-lb-tail-f-follow","","评估补真实环境操作讲解"
"1","linux-basic","Linux 基础与文件操作","lb-more","more","1","command","否","无课无卡","","","","按命令补强取舍逐条复核，不因首词可执行而直接补课"
"1","linux-basic","Linux 基础与文件操作","lb-head","head","1","command","是","已教已练","awk-topip;lt-top-ip-谁在压站;lt-dedupe-large-file-大文件去重;lt-log-status-distribution;lt-join-host-roster","card-lb-tail-f-follow;card-lt-head-log-start","","已贯通"
"1","linux-basic","Linux 基础与文件操作","lb-tail","tail","2","command","是","已教已练","tail-follow;mw-nginx-504-upstream-timeout;mw-service-first-check;cap-incident-chain","card-lb-ls-recent-change;card-lb-tail-f-follow;card-lt-head-log-start","cheat-nginx-502-504-499","已贯通"
"1","linux-basic","Linux 基础与文件操作","lb-nl","nl","2","command","是","已教已练","lt-numbered-config-review","card-path-numbered-review","","已贯通"
"1","linux-basic","Linux 基础与文件操作","lb-file","file","2","command","是","有卡无课","","card-lb-file-identify","","评估补课程步骤"
"1","linux-basic","Linux 基础与文件操作","lb-stat","stat","2","command","是","已教已练","basic-perm-tree","card-lb-ls-recent-change;card-lb-file-identify;card-lb-stat-three-times","","已贯通"
"1","linux-basic","Linux 基础与文件操作","lb-touch","touch","1","command","是","已教已练","basic-copy-move","card-lb-mkdir-p-idempotent","","已贯通"
"1","linux-basic","Linux 基础与文件操作","lb-rm","rm","1","command","是","已教已练","basic-copy-move","card-lb-find-mtime-old;card-lb-rm-r-dir","","已贯通"
"1","linux-basic","Linux 基础与文件操作","lb-cp","cp","2","command","是","已教已练","basic-copy-move;mw-nginx-bad-conf","card-lb-mv-cross-filesystem","","已贯通"
"1","linux-basic","Linux 基础与文件操作","lb-mv","mv","1","command","是","已教已练","basic-copy-move","card-lb-mv-cross-filesystem","","已贯通"
"1","linux-basic","Linux 基础与文件操作","lb-ln","ln","3","command","是","有卡无课","","card-lb-symlink-opt","","评估补课程步骤"
"1","linux-basic","Linux 基础与文件操作","lb-truncate","truncate","3","command","是","有卡无课","","card-ls9-log-truncate","cheat-log-fill-disk","评估补课程步骤"
"1","linux-basic","Linux 基础与文件操作","lb-install","install","3","command","是","有卡无课","","card-lb-mkdir-p-idempotent;card-lu-chmod-755-644","","评估补课程步骤"
"1","linux-basic","Linux 基础与文件操作","lb-rename","rename","2","command","是","无课无卡","","","","按命令补强取舍逐条复核，不因首词可执行而直接补课"
"1","linux-basic","Linux 基础与文件操作","lb-find","find","3","command","是","有卡无课","","card-lb-find-mtime-old;card-lb-symlink-opt;card-find-big-file","cheat-disk-full;cheat-log-fill-disk;cheat-cert-expired","评估补课程步骤"
"1","linux-basic","Linux 基础与文件操作","lb-locate","locate","2","command","否","无课无卡","","","","按命令补强取舍逐条复核，不因首词可执行而直接补课"
"1","linux-basic","Linux 基础与文件操作","lb-which","which","1","command","是","有卡无课","","card-lb-which-real-binary","","评估补课程步骤"
"1","linux-basic","Linux 基础与文件操作","lb-whereis","whereis","2","command","是","有卡无课","","card-lb-which-real-binary","","评估补课程步骤"
"1","linux-basic","Linux 基础与文件操作","lb-type","type","2","command","是","有卡无课","","card-lb-which-real-binary","","评估补课程步骤"
"1","linux-basic","Linux 基础与文件操作","lb-realpath","realpath","2","command","是","有卡无课","","card-lb-symlink-opt","","评估补课程步骤"
"1","linux-basic","Linux 基础与文件操作","lb-readlink","readlink","2","command","是","有卡无课","","card-lb-symlink-opt","","评估补课程步骤"
"1","linux-basic","Linux 基础与文件操作","lb-wc","wc","1","command","是","已教已练","lt-dedupe-large-file-大文件去重","card-lb-wc-lines","","已贯通"
"1","linux-basic","Linux 基础与文件操作","lb-sort","sort","2","command","是","有课无卡","du-culprit","","","评估补迁移/辨析卡"
"1","linux-basic","Linux 基础与文件操作","lb-uniq","uniq","2","command","是","有卡无课","","card-gap-uniq-sort","","评估补课程步骤"
"1","linux-basic","Linux 基础与文件操作","lb-diff","diff","2","command","是","有卡无课","","card-gap-diff-patch","","评估补课程步骤"
"1","linux-basic","Linux 基础与文件操作","lb-cmp","cmp","2","command","是","有卡无课","","card-gap-diff-patch","","评估补课程步骤"
"1","linux-basic","Linux 基础与文件操作","lb-md5sum","md5sum","2","command","是","有卡无课","","card-sh-backup-verify","","评估补课程步骤"
"1","linux-basic","Linux 基础与文件操作","lb-sha256sum","sha256sum","3","command","是","有卡无课","","card-gap-sha-trust","","评估补课程步骤"
"1","linux-basic","Linux 基础与文件操作","lb-tar","tar","3","command","是","已教已练","basic-tar-backup","card-lb-tar-list-first","","已贯通"
"1","linux-basic","Linux 基础与文件操作","lb-gzip","gzip","2","command","是","有卡无课","","card-lb-tar-list-first","","评估补课程步骤"
"1","linux-basic","Linux 基础与文件操作","lb-gunzip","gunzip","1","command","是","有卡无课","","card-lb-tar-list-first","","评估补课程步骤"
"1","linux-basic","Linux 基础与文件操作","lb-zip","zip","2","command","是","已教已练","basic-handover-zip","card-chain-zip-audit","","已贯通"
"1","linux-basic","Linux 基础与文件操作","lb-unzip","unzip","2","command","是","已教已练","basic-handover-zip","card-chain-zip-audit","","已贯通"
"1","linux-basic","Linux 基础与文件操作","lb-xz","xz","3","command","是","无课无卡","","","","按命令补强取舍逐条复核，不因首词可执行而直接补课"
"1","linux-basic","Linux 基础与文件操作","lb-zstd","zstd","3","command","是","无课无卡","","","","按命令补强取舍逐条复核，不因首词可执行而直接补课"
"1","linux-basic","Linux 基础与文件操作","lb-scp","scp","2","command","否","有卡无课","","card-path-remote-transfer","","评估补真实环境操作讲解"
"1","linux-basic","Linux 基础与文件操作","lb-rsync","rsync","3","command","否","有卡无课","","card-lb-mv-cross-filesystem","","评估补真实环境操作讲解"
"1","linux-basic","Linux 基础与文件操作","lb-sftp","sftp","2","command","否","有卡无课","","card-path-remote-transfer","","评估补真实环境操作讲解"
"1","linux-basic","Linux 基础与文件操作","lb-wget","wget","2","command","否","无课无卡","","","","按命令补强取舍逐条复核，不因首词可执行而直接补课"
"1","linux-basic","Linux 基础与文件操作","lb-curl-o","curl -O","2","command","是","有卡无课","","card-path-download-evidence","","评估补课程步骤"
"1","linux-basic","Linux 基础与文件操作","lb-tee","tee","2","command","是","有卡无课","","card-lb-redirect-append","","评估补课程步骤"
"1","linux-basic","Linux 基础与文件操作","lb-xargs","xargs","3","command","是","有卡无课","","card-gap-xargs-null","","评估补课程步骤"
"1","linux-basic","Linux 基础与文件操作","lb-watch","watch","2","command","是","有卡无课","","card-path-shell-observation","","评估补课程步骤"
"1","linux-basic","Linux 基础与文件操作","lb-dd","dd","3","command","是","无课无卡","","","","按命令补强取舍逐条复核，不因首词可执行而直接补课"
"1","linux-basic","Linux 基础与文件操作","lb-split","split","3","command","是","有课无卡","lt-dedupe-large-file-大文件去重","","","评估补迁移/辨析卡"
"1","linux-basic","Linux 基础与文件操作","lb-cat-a","cat -A","2","command","是","有卡无课","","card-lb-file-identify","","评估补课程步骤"
"1","linux-basic","Linux 基础与文件操作","lb-history","history","1","command","是","有卡无课","","card-path-shell-observation","","评估补课程步骤"
"1","linux-basic","Linux 基础与文件操作","lb-alias","alias","1","command","是","有卡无课","","card-path-navigation-shortcuts","","评估补课程步骤"
"1","linux-basic","Linux 基础与文件操作","lb-cd-dash","cd -","2","command","是","有卡无课","","card-path-navigation-shortcuts","","评估补课程步骤"
"3","linux-text","文本处理三剑客","lt-grep","grep","1","command","是","已教已练","grep-context;grep-invert;lt-log-status-distribution;db-mysql-replica-broken;sh-hosts-inventory-loop;sh-stderr-log","card-mon-sort-before-uniq;card-mon-count-error-first;card-lb-wc-lines;card-lt-grep-status-500;card-lt-grep-invert;card-lt-grep-time-window;card-lt-grep-count;card-lt-grep-r-config;card-sh-grep-exit-code","cheat-nginx-502-504-499;cheat-nginx-upstream-down;cheat-keepalived-split-brain;cheat-log-fill-disk;cheat-cert-expired;cheat-selinux-denied;cheat-java-thread-cpu","已贯通"
"3","linux-text","文本处理三剑客","lt-egrep","egrep","2","command","是","有卡无课","","card-lt-grep-time-window;card-lt-grep-count","","评估补课程步骤"
"3","linux-text","文本处理三剑客","lt-fgrep","fgrep","2","command","是","无课无卡","","","","按命令补强取舍逐条复核，不因首词可执行而直接补课"
"3","linux-text","文本处理三剑客","lt-grep-pcre","grep -P","3","command","是","无课无卡","","","","按命令补强取舍逐条复核，不因首词可执行而直接补课"
"3","linux-text","文本处理三剑客","lt-grep-file","grep -f","2","command","是","有卡无课","","card-gap-grep-pattern-file","","评估补课程步骤"
"3","linux-text","文本处理三剑客","lt-zgrep","zgrep","2","command","是","无课无卡","","","","按命令补强取舍逐条复核，不因首词可执行而直接补课"
"3","linux-text","文本处理三剑客","lt-zgrep-r","zgrep -r","2","command","是","有卡无课","","card-lt-grep-r-config","","评估补课程步骤"
"3","linux-text","文本处理三剑客","lt-rg","rg","2","command","是","有卡无课","","card-lt-grep-r-config","","评估补课程步骤"
"3","linux-text","文本处理三剑客","lt-sed","sed","2","command","是","有卡无课","","card-lt-sed-inplace;card-lt-tr-uppercase","","评估补课程步骤"
"3","linux-text","文本处理三剑客","lt-sed-i","sed -i","2","command","是","已教已练","mw-nginx-bad-conf","card-lt-sed-inplace","","已贯通"
"3","linux-text","文本处理三剑客","lt-sed-print","sed -n","2","command","是","有卡无课","","card-lt-head-log-start","","评估补课程步骤"
"3","linux-text","文本处理三剑客","lt-sed-delete","sed d","2","command","是","有卡无课","","card-path-sed-surgical-change","","评估补课程步骤"
"3","linux-text","文本处理三剑客","lt-sed-insert","sed a/i","2","command","是","有卡无课","","card-path-sed-surgical-change","","评估补课程步骤"
"3","linux-text","文本处理三剑客","lt-sed-change","sed c","2","command","是","有卡无课","","card-path-sed-surgical-change","","评估补课程步骤"
"3","linux-text","文本处理三剑客","lt-sed-address","sed 地址范围","3","recipe","是","有卡无课","","card-lt-grep-time-window","","评估补课程步骤"
"3","linux-text","文本处理三剑客","lt-sed-e","sed -e","2","command","是","无课无卡","","","","按命令补强取舍逐条复核，不因首词可执行而直接补课"
"3","linux-text","文本处理三剑客","lt-awk","awk","2","command","是","已教已练","awk-topip;lt-top-ip-谁在压站;lt-log-status-distribution","card-gap-awk-safe-filter;card-lb-wc-lines;card-lt-grep-status-500;card-lt-awk-vs-cut","cheat-nginx-502-504-499","已贯通"
"3","linux-text","文本处理三剑客","lt-awk-f","awk -F","2","command","是","有卡无课","","card-lt-awk-vs-cut;card-lt-awk-field-sep","","评估补课程步骤"
"3","linux-text","文本处理三剑客","lt-awk-filter","awk 条件过滤","2","recipe","是","有卡无课","","card-gap-awk-safe-filter","","评估补课程步骤"
"3","linux-text","文本处理三剑客","lt-awk-begin-end","awk BEGIN/END","2","command","是","有卡无课","","card-path-awk-report","","评估补课程步骤"
"3","linux-text","文本处理三剑客","lt-awk-sum","awk 求和求平均","2","recipe","是","有卡无课","","card-path-awk-report","","评估补课程步骤"
"3","linux-text","文本处理三剑客","lt-awk-func","awk 内置函数","3","recipe","是","无课无卡","","","","按命令补强取舍逐条复核，不因首词可执行而直接补课"
"3","linux-text","文本处理三剑客","lt-awk-printf","awk printf","2","command","是","有卡无课","","card-lt-awk-field-sep","","评估补课程步骤"
"3","linux-text","文本处理三剑客","lt-awk-dedupe","awk 去重统计","3","recipe","是","有卡无课","","card-lt-uniq-after-sort","","评估补课程步骤"
"3","linux-text","文本处理三剑客","lt-cut","cut","1","command","是","有卡无课","","card-lt-awk-vs-cut;card-lt-awk-field-sep","","评估补课程步骤"
"3","linux-text","文本处理三剑客","lt-paste","paste","2","command","是","有卡无课","","card-path-tabular-merge","","评估补课程步骤"
"3","linux-text","文本处理三剑客","lt-tr","tr","1","command","是","有卡无课","","card-lt-awk-vs-cut;card-lt-tr-uppercase","","评估补课程步骤"
"3","linux-text","文本处理三剑客","lt-join","join","3","command","是","已教已练","lt-join-host-roster","card-path-tabular-merge","","已贯通"
"3","linux-text","文本处理三剑客","lt-column","column","2","command","是","已教已练","lt-join-host-roster","card-path-tabular-merge","","已贯通"
"3","linux-text","文本处理三剑客","lt-sort-column","sort","2","command","是","已教已练","awk-topip","card-mon-sort-before-uniq;card-gap-uniq-sort;card-lt-uniq-after-sort;card-ls9-du-summary;card-du-sort-blank","","已贯通"
"3","linux-text","文本处理三剑客","lt-uniq","uniq","2","command","是","已教已练","awk-topip","card-mon-sort-before-uniq;card-lt-uniq-after-sort","","已贯通"
"3","linux-text","文本处理三剑客","lt-jq","jq","2","command","是","已教已练","lt-jq-json-fields","card-lt-jq-format","","已贯通"
"3","linux-text","文本处理三剑客","lt-yq","yq","2","command","是","有卡无课","","card-lt-jq-format","","评估补课程步骤"
"3","linux-text","文本处理三剑客","lt-iconv","iconv","2","command","是","有卡无课","","card-path-encoding-and-format","","评估补课程步骤"
"3","linux-text","文本处理三剑客","lt-dos2unix","dos2unix","1","command","是","有卡无课","","card-lt-tr-uppercase","","评估补课程步骤"
"3","linux-text","文本处理三剑客","lt-printf","printf","2","command","是","有卡无课","","card-path-encoding-and-format","cheat-java-thread-cpu","评估补课程步骤"
"3","linux-text","文本处理三剑客","lt-nginx-top-ip","awk + sort + uniq 统计 Top IP","2","recipe","是","已教已练","lt-top-ip-谁在压站","card-lt-grep-invert","","已贯通"
"3","linux-text","文本处理三剑客","lt-nginx-status","awk + sort + uniq 统计状态码分布","2","recipe","是","已教已练","lt-log-status-distribution;cap-new-server-audit;cap-incident-chain","card-lt-grep-status-500","","已贯通"
"3","linux-text","文本处理三剑客","lt-log-time-window","sed + awk 提取时间段日志","3","recipe","是","有卡无课","","card-lt-grep-time-window","","评估补课程步骤"
"3","linux-text","文本处理三剑客","lt-log-error-rate","awk 统计错误率","3","recipe","是","有卡无课","","card-path-awk-report","","评估补课程步骤"
"3","linux-text","文本处理三剑客","lt-jq-k8s-pod","kubectl + jq 提取 Pod 名与状态","2","recipe","是","有卡无课","","card-path-pod-json","","评估补课程步骤"
"3","linux-text","文本处理三剑客","lt-dedupe-large-file","sort -u 大文件去重","3","recipe","是","有课无卡","lt-dedupe-large-file-大文件去重","","","评估补迁移/辨析卡"
"2","linux-user","用户权限与系统管理","lu-useradd","useradd","2","command","否","有卡无课","","card-gap-useradd-service","","评估补真实环境操作讲解"
"2","linux-user","用户权限与系统管理","lu-usermod","usermod","2","command","否","有卡无课","","card-path-group-access","","评估补真实环境操作讲解"
"2","linux-user","用户权限与系统管理","lu-userdel","userdel","2","command","否","无课无卡","","","","按命令补强取舍逐条复核，不因首词可执行而直接补课"
"2","linux-user","用户权限与系统管理","lu-passwd","passwd","1","command","否","有卡无课","","card-gap-chage-vs-passwd;card-lu-id-groups","","评估补真实环境操作讲解"
"2","linux-user","用户权限与系统管理","lu-chage","chage","3","command","否","有卡无课","","card-gap-chage-vs-passwd","","评估补真实环境操作讲解"
"2","linux-user","用户权限与系统管理","lu-groupadd","groupadd","2","command","否","有卡无课","","card-path-group-access","","评估补真实环境操作讲解"
"2","linux-user","用户权限与系统管理","lu-groupmod","groupmod","2","command","否","无课无卡","","","","按命令补强取舍逐条复核，不因首词可执行而直接补课"
"2","linux-user","用户权限与系统管理","lu-groupdel","groupdel","2","command","否","无课无卡","","","","按命令补强取舍逐条复核，不因首词可执行而直接补课"
"2","linux-user","用户权限与系统管理","lu-gpasswd","gpasswd","3","command","否","有卡无课","","card-path-delegated-group","","评估补真实环境操作讲解"
"2","linux-user","用户权限与系统管理","lu-id","id","1","command","是","已教已练","lu-who-can-sudo;lu-who-and-where;cap-security-incident;sec-baseline-eye","card-lu-id-groups","","已贯通"
"2","linux-user","用户权限与系统管理","lu-su","su","2","command","否","有卡无课","","card-path-identity-and-boot","","评估补真实环境操作讲解"
"2","linux-user","用户权限与系统管理","lu-sudo","sudo","2","command","是","有课无卡","lu-who-can-sudo","","","评估补迁移/辨析卡"
"2","linux-user","用户权限与系统管理","lu-visudo","visudo","2","command","否","有卡无课","","card-gap-visudo-safe","","评估补真实环境操作讲解"
"2","linux-user","用户权限与系统管理","lu-chmod","chmod","2","command","是","已教已练","lu-key-perm-600","card-lu-chmod-755-644","","已贯通"
"2","linux-user","用户权限与系统管理","lu-chown","chown","2","command","是","有卡无课","","card-lu-chmod-755-644","","评估补课程步骤"
"2","linux-user","用户权限与系统管理","lu-chgrp","chgrp","1","command","是","有卡无课","","card-path-group-access","","评估补课程步骤"
"2","linux-user","用户权限与系统管理","lu-umask","umask","2","command","是","已教已练","lu-umask-newfile","card-lu-chmod-755-644","","已贯通"
"2","linux-user","用户权限与系统管理","lu-lsattr","lsattr","3","command","否","无课无卡","","","","按命令补强取舍逐条复核，不因首词可执行而直接补课"
"2","linux-user","用户权限与系统管理","lu-chattr","chattr","3","command","否","无课无卡","","","","按命令补强取舍逐条复核，不因首词可执行而直接补课"
"2","linux-user","用户权限与系统管理","lu-getfacl","getfacl","3","command","否","有卡无课","","card-path-delegated-group","","评估补真实环境操作讲解"
"2","linux-user","用户权限与系统管理","lu-setfacl","setfacl","3","command","否","有卡无课","","card-path-delegated-group","","评估补真实环境操作讲解"
"2","linux-user","用户权限与系统管理","lu-getent","getent","2","command","是","已教已练","lu-who-can-sudo","card-lu-id-groups","","已贯通"
"2","linux-user","用户权限与系统管理","lu-stat","stat","1","command","是","已教已练","lu-key-perm-600","card-lb-stat-three-times;card-lb-ls-ld-dir","","已贯通"
"2","linux-user","用户权限与系统管理","lu-hostname","hostname","1","command","是","已教已练","lu-host-identity","card-lu-hostname-permanent","","已贯通"
"2","linux-user","用户权限与系统管理","lu-hostnamectl","hostnamectl","1","command","是","已教已练","lu-who-and-where","card-lu-uname-kernel-release;card-lu-hostname-permanent","","已贯通"
"2","linux-user","用户权限与系统管理","lu-date","date","1","command","是","有卡无课","","card-lu-date-timezone;card-lu-date-format","","评估补课程步骤"
"2","linux-user","用户权限与系统管理","lu-timedatectl","timedatectl","2","command","是","已教已练","lu-host-identity","card-lu-date-timezone;card-lu-date-format","","已贯通"
"2","linux-user","用户权限与系统管理","lu-uptime","uptime","1","command","是","已教已练","lu-who-and-where","card-lu-uptime-load","cheat-load","已贯通"
"2","linux-user","用户权限与系统管理","lu-uname","uname","1","command","是","已教已练","lu-host-identity;lu-who-and-where","card-lu-uname-kernel-release;card-lu-lscpu-hypervisor;card-lu-uname-arch","","已贯通"
"2","linux-user","用户权限与系统管理","lu-lsb-release","lsb_release","1","command","是","已教已练","lu-host-identity","card-lu-uname-kernel-release;card-lu-uname-arch","","已贯通"
"2","linux-user","用户权限与系统管理","lu-lscpu","lscpu","1","command","是","有卡无课","","card-lu-lscpu-hypervisor;card-lu-uname-arch","","评估补课程步骤"
"2","linux-user","用户权限与系统管理","lu-dmidecode","dmidecode","3","command","是","有卡无课","","card-lu-uname-kernel-release;card-lu-lscpu-hypervisor","","评估补课程步骤"
"2","linux-user","用户权限与系统管理","lu-systemctl","systemctl","2","command","是","已教已练","systemctl-status;journalctl-unit;lu-service-wont-start","card-gap-systemctl-start-enable;card-lu-systemctl-status;card-lu-is-active-for-script;card-lu-kill-term-vs-kill9;card-sh-enable-vs-start","cheat-service-fail;cheat-keepalived-split-brain;cheat-huawei-ecs-unreachable","已贯通"
"2","linux-user","用户权限与系统管理","lu-systemctl-enable","systemctl enable","2","command","是","有卡无课","","card-gap-systemctl-start-enable;card-lu-systemctl-status;card-lu-is-active-for-script;card-sh-enable-vs-start","","评估补课程步骤"
"2","linux-user","用户权限与系统管理","lu-systemctl-list","systemctl list-units","2","command","是","有卡无课","","card-lu-is-active-for-script","","评估补课程步骤"
"2","linux-user","用户权限与系统管理","lu-systemctl-daemon-reload","systemctl daemon-reload","2","command","是","有卡无课","","card-sh-systemd-unit-env","cheat-service-fail","评估补课程步骤"
"2","linux-user","用户权限与系统管理","lu-systemd-unit","systemd unit 文件","3","recipe","否","有卡无课","","card-sh-systemd-unit-env;card-sh-enable-vs-start","","评估补真实环境操作讲解"
"2","linux-user","用户权限与系统管理","lu-journalctl","journalctl","2","command","是","已教已练","journalctl-unit;lu-service-wont-start","card-sec-journal-applog-audit;card-lu-systemctl-status;card-journalctl-unit","cheat-service-fail;cheat-keepalived-split-brain;cheat-log-fill-disk;cheat-vm-boot-fail","已贯通"
"2","linux-user","用户权限与系统管理","lu-journalctl-vacuum","journalctl --vacuum","3","command","是","有卡无课","","card-ls9-log-truncate","","评估补课程步骤"
"2","linux-user","用户权限与系统管理","lu-service","service","1","command","是","无课无卡","","","","按命令补强取舍逐条复核，不因首词可执行而直接补课"
"2","linux-user","用户权限与系统管理","lu-crontab","crontab","2","command","是","有卡无课","","card-lu-export-env;card-sh-cron-output-env;card-sh-cron-step;card-crontab-not-running","","评估补课程步骤"
"2","linux-user","用户权限与系统管理","lu-cron-format","cron 时间字段","2","recipe","否","有卡无课","","card-sh-cron-output-env;card-sh-cron-step","","评估补真实环境操作讲解"
"2","linux-user","用户权限与系统管理","lu-at","at","2","command","否","无课无卡","","","","按命令补强取舍逐条复核，不因首词可执行而直接补课"
"2","linux-user","用户权限与系统管理","lu-systemd-timer","systemd timer","3","command","否","有卡无课","","card-sh-cron-output-env","","评估补真实环境操作讲解"
"2","linux-user","用户权限与系统管理","lu-shutdown","shutdown","2","command","是","无课无卡","","","","按命令补强取舍逐条复核，不因首词可执行而直接补课"
"2","linux-user","用户权限与系统管理","lu-reboot","reboot","1","command","是","无课无卡","","","","按命令补强取舍逐条复核，不因首词可执行而直接补课"
"2","linux-user","用户权限与系统管理","lu-halt","halt","2","command","是","无课无卡","","","","按命令补强取舍逐条复核，不因首词可执行而直接补课"
"2","linux-user","用户权限与系统管理","lu-poweroff","poweroff","1","command","是","无课无卡","","","","按命令补强取舍逐条复核，不因首词可执行而直接补课"
"2","linux-user","用户权限与系统管理","lu-runlevel","runlevel","2","command","是","无课无卡","","","","按命令补强取舍逐条复核，不因首词可执行而直接补课"
"2","linux-user","用户权限与系统管理","lu-systemd-analyze","systemd-analyze","3","command","是","有卡无课","","card-path-identity-and-boot","","评估补课程步骤"
"2","linux-user","用户权限与系统管理","lu-w","w","1","command","是","有课无卡","lu-who-and-where","","","评估补迁移/辨析卡"
"2","linux-user","用户权限与系统管理","lu-last","last","1","command","是","有课无卡","cap-security-incident","","","评估补迁移/辨析卡"
"2","linux-user","用户权限与系统管理","lu-lastlog","lastlog","1","command","是","有卡无课","","card-path-login-sessions","","评估补课程步骤"
"2","linux-user","用户权限与系统管理","lu-loginctl","loginctl","2","command","是","有卡无课","","card-path-login-sessions","","评估补课程步骤"
"2","linux-user","用户权限与系统管理","lu-localectl","localectl","2","command","是","有卡无课","","card-lu-date-timezone","","评估补课程步骤"
"2","linux-user","用户权限与系统管理","lu-update-alternatives","update-alternatives","3","command","是","无课无卡","","","","按命令补强取舍逐条复核，不因首词可执行而直接补课"
"4","linux-net","网络与排障","ln-ip-addr","ip addr","1","command","是","已教已练","net-basic-reachability","card-ln-nmcli-device;card-ln-ip-link-lower-up","","已贯通"
"4","linux-net","网络与排障","ln-ip-link","ip link","2","command","是","已教已练","net-link-mtu-down","card-ln-ip-link-lower-up","","已贯通"
"4","linux-net","网络与排障","ln-ip-route","ip route","2","command","是","已教已练","net-route-missing","card-ln-ip-route-default","","已贯通"
"4","linux-net","网络与排障","ln-ip-neigh","ip neigh","3","command","是","有卡无课","","card-ln-ip-route-default;card-ln-ip-neigh","","评估补课程步骤"
"4","linux-net","网络与排障","ln-ifconfig","ifconfig","1","command","是","有卡无课","","card-ln-nmcli-device","","评估补课程步骤"
"4","linux-net","网络与排障","ln-route","route","2","command","是","有卡无课","","card-ln-ip-route-default","","评估补课程步骤"
"4","linux-net","网络与排障","ln-nmcli","nmcli","2","command","是","有卡无课","","card-ln-nmcli-device","","评估补课程步骤"
"4","linux-net","网络与排障","ln-ethtool","ethtool","3","command","否","有卡无课","","card-ln-ip-link-lower-up","","评估补真实环境操作讲解"
"4","linux-net","网络与排障","ln-ss","ss","2","command","是","已教已练","ss-listen;net-basic-reachability;mw-nginx-504-upstream-timeout;mw-haproxy-validate-before-reload;mw-service-first-check;cap-new-server-audit;sec-fw-3306-blocked","card-sec-redis-listen-address;card-ln-lsof-port-holder;card-ln-ss-tcp-states;card-ss-vs-netstat","cheat-port-blocked;cheat-docker-port;cheat-nginx-502-504-499;cheat-nginx-upstream-down;cheat-huawei-ecs-unreachable","已贯通"
"4","linux-net","网络与排障","ln-netstat","netstat","2","command","是","有卡无课","","card-ln-ss-tcp-states;card-ss-vs-netstat","","评估补课程步骤"
"4","linux-net","网络与排障","ln-lsof","lsof -i","3","command","是","已教已练","net-port-who-holds-it","card-ln-lsof-port-holder;card-ls9-df-avail-reserved;card-ls9-log-truncate;card-disk-full-no-bigfile","","已贯通"
"4","linux-net","网络与排障","ln-fuser","fuser -n tcp","3","command","是","有卡无课","","card-ln-lsof-port-holder","","评估补课程步骤"
"4","linux-net","网络与排障","ln-nc","nc","2","command","是","有卡无课","","card-ln-ping-layer;card-ln-nc-vs-telnet;card-ln-curl-three-layers;card-port-unreachable-nc","cheat-ssh-fail;cheat-huawei-ecs-unreachable","评估补课程步骤"
"4","linux-net","网络与排障","ln-telnet","telnet","2","command","是","有卡无课","","card-ln-nc-vs-telnet","","评估补课程步骤"
"4","linux-net","网络与排障","ln-ss-kill","ss -K","4","command","是","已教已练","net-kill-one-connection","card-ln-ss-tcp-states","","已贯通"
"4","linux-net","网络与排障","ln-ping","ping","1","command","是","已教已练","net-basic-reachability","card-ln-ping-layer;card-ln-ip-neigh;card-ln-curl-three-layers","cheat-ssh-fail","已贯通"
"4","linux-net","网络与排障","ln-traceroute","traceroute","2","command","是","已教已练","net-traceroute-where-broken","card-ln-ping-layer;card-ln-traceroute-hop;card-ln-traceroute-n","","已贯通"
"4","linux-net","网络与排障","ln-mtr","mtr","3","command","是","有卡无课","","card-ln-traceroute-hop;card-ln-traceroute-n","","评估补课程步骤"
"4","linux-net","网络与排障","ln-arping","arping","4","command","否","有卡无课","","card-ln-ip-neigh","","评估补真实环境操作讲解"
"4","linux-net","网络与排障","ln-nslookup","nslookup","2","command","是","有卡无课","","card-ln-host-cname;card-dns-dig-vs-nslookup","","评估补课程步骤"
"4","linux-net","网络与排障","ln-dig","dig","3","command","是","已教已练","net-dns-resolution-wrong","card-ln-host-cname;card-ln-traceroute-n;card-dns-dig-vs-nslookup","","已贯通"
"4","linux-net","网络与排障","ln-host","host","2","command","是","有卡无课","","card-ln-host-cname","","评估补课程步骤"
"4","linux-net","网络与排障","ln-resolv-conf","/etc/resolv.conf","2","command","否","已教已练","net-dns-resolution-wrong","card-ln-hosts-order;card-ln-nmcli-device","","已贯通"
"4","linux-net","网络与排障","ln-hosts-file","/etc/hosts","2","command","否","已教已练","cap-security-incident","card-lu-hostname-permanent;card-ln-hosts-order","","已贯通"
"4","linux-net","网络与排障","ln-curl","curl","2","command","是","已教已练","curl-head;net-basic-reachability","card-ln-curl-three-layers;card-sh-and-or-shortcircuit;card-sh-curl-exit-code","cheat-port-blocked;cheat-docker-port;cheat-nginx-502-504-499;cheat-nginx-upstream-down","已贯通"
"4","linux-net","网络与排障","ln-wget","wget","2","command","否","无课无卡","","","","按命令补强取舍逐条复核，不因首词可执行而直接补课"
"4","linux-net","网络与排障","ln-curl-timing","curl -w 耗时分解","3","recipe","是","已教已练","net-where-is-the-latency","card-ln-curl-three-layers;card-sh-curl-exit-code","","已贯通"
"4","linux-net","网络与排障","ln-httpie","httpie","3","command","否","无课无卡","","","","按命令补强取舍逐条复核，不因首词可执行而直接补课"
"4","linux-net","网络与排障","ln-openssl-sclient","openssl s_client","3","command","是","有卡无课","","card-path-tls-and-firewall","","评估补课程步骤"
"4","linux-net","网络与排障","ln-http-version","curl --http2","3","command","是","有卡无课","","card-sh-curl-exit-code","","评估补课程步骤"
"4","linux-net","网络与排障","ln-tcpdump","tcpdump","3","command","是","已教已练","net-tcpdump-did-it-arrive","card-ln-tcpdump-arrival","cheat-port-blocked;cheat-keepalived-split-brain;cheat-huawei-ecs-unreachable","已贯通"
"4","linux-net","网络与排障","ln-tshark","tshark","4","command","否","无课无卡","","","","按命令补强取舍逐条复核，不因首词可执行而直接补课"
"4","linux-net","网络与排障","ln-iftop","iftop","3","command","否","无课无卡","","","","按命令补强取舍逐条复核，不因首词可执行而直接补课"
"4","linux-net","网络与排障","ln-nethogs","nethogs","3","command","否","无课无卡","","","","按命令补强取舍逐条复核，不因首词可执行而直接补课"
"4","linux-net","网络与排障","ln-ip-stats","ip -s link","3","command","是","有卡无课","","card-ln-ip-link-lower-up","","评估补课程步骤"
"4","linux-net","网络与排障","ln-firewall-cmd","firewall-cmd","3","command","是","已教已练","sec-fw-3306-blocked","card-ln-firewall-permanent","cheat-port-blocked;cheat-nginx-upstream-down;cheat-keepalived-split-brain","已贯通"
"4","linux-net","网络与排障","ln-iptables","iptables","3","command","否","有卡无课","","card-ln-firewall-permanent","cheat-docker-network","评估补真实环境操作讲解"
"4","linux-net","网络与排障","ln-ufw","ufw","2","command","否","有卡无课","","card-path-tls-and-firewall","","评估补真实环境操作讲解"
"4","linux-net","网络与排障","ln-iptables-save","iptables-save / iptables-restore","3","command","否","无课无卡","","","","按命令补强取舍逐条复核，不因首词可执行而直接补课"
"4","linux-net","网络与排障","ln-ipset","ipset","4","command","否","无课无卡","","","","按命令补强取舍逐条复核，不因首词可执行而直接补课"
"4","linux-net","网络与排障","ln-nft","nft","4","command","否","有卡无课","","card-path-tls-and-firewall","","评估补真实环境操作讲解"
"4","linux-net","网络与排障","ln-troubleshoot-firewall","firewall-cmd 排查端口不通链路","3","recipe","是","已教已练","sec-fw-3306-blocked","card-ln-tcpdump-arrival;card-ln-firewall-permanent","","已贯通"
"4","linux-net","网络与排障","ln-ssh","ssh","2","command","否","有卡无课","","card-path-ssh-first-contact","cheat-ssh-fail","评估补真实环境操作讲解"
"4","linux-net","网络与排障","ln-ssh-keygen","ssh-keygen","2","command","是","有卡无课","","card-gap-ssh-key-agent","","评估补课程步骤"
"4","linux-net","网络与排障","ln-ssh-copy-id","ssh-copy-id","2","command","否","有卡无课","","card-path-ssh-first-contact","","评估补真实环境操作讲解"
"4","linux-net","网络与排障","ln-ssh-agent","ssh-agent / ssh-add","3","command","否","有卡无课","","card-gap-ssh-key-agent","","评估补真实环境操作讲解"
"4","linux-net","网络与排障","ln-ssh-nopass","ssh 免密登录三步","2","recipe","否","有卡无课","","card-path-ssh-first-contact","","评估补真实环境操作讲解"
"4","linux-net","网络与排障","ln-known-hosts","ssh -o StrictHostKeyChecking / known_hosts","3","command","否","有卡无课","","card-path-ssh-first-contact","","评估补真实环境操作讲解"
"4","linux-net","网络与排障","ln-ssh-config-alias","~/.ssh/config","3","command","否","有卡无课","","card-path-ssh-alias-and-server","","评估补真实环境操作讲解"
"4","linux-net","网络与排障","ln-sftp","sftp","2","command","否","有卡无课","","card-path-ssh-alias-and-server","","评估补真实环境操作讲解"
"4","linux-net","网络与排障","ln-sshd-config","/etc/ssh/sshd_config","3","command","否","有卡无课","","card-path-ssh-alias-and-server","","评估补真实环境操作讲解"
"4","linux-net","网络与排障","ln-ssh-tunnel","ssh -L 隧道访问内网 MySQL","3","recipe","否","有卡无课","","card-gap-ssh-tunnel","","评估补真实环境操作讲解"
"4","linux-net","网络与排障","ln-troubleshoot-port","端口不通完整排查链路","3","recipe","否","有卡无课","","card-ln-tcpdump-arrival","","评估补真实环境操作讲解"
"4","linux-net","网络与排障","ln-troubleshoot-dns","域名解析排查链路","3","recipe","否","有卡无课","","card-ln-hosts-order;card-dns-dig-vs-nslookup","","评估补真实环境操作讲解"
"4","linux-net","网络与排障","ln-troubleshoot-slow","网络慢排查链路","3","recipe","否","有卡无课","","card-ln-traceroute-hop","","评估补真实环境操作讲解"
"4","linux-net","网络与排障","ln-troubleshoot-connect-refused","Connection refused 与 timed out 的区别","3","recipe","否","有卡无课","","card-ln-nc-vs-telnet;card-port-unreachable-nc","","评估补真实环境操作讲解"
"4","linux-storage","磁盘与存储","ls9-df","df","1","command","是","已教已练","basic-free-space;du-culprit;df-inode;lsof-deleted;dk-df;cap-new-server-audit;kvm-host-inventory-l1","card-gap-df-du-inode;card-lb-mv-cross-filesystem;card-ls9-lsblk-vs-df;card-ls9-df-avail-reserved;card-ls9-du-summary;card-ls9-df-path-docker;card-sh-backup-verify;card-disk-full-no-bigfile;card-df-i-vs-df-h","cheat-disk-full;cheat-log-fill-disk","已贯通"
"4","linux-storage","磁盘与存储","ls9-du","du","1","command","是","已教已练","basic-free-space;du-culprit","card-mon-truncate-busy-log;card-gap-df-du-inode;card-lb-ls-ld-dir;card-ls9-df-avail-reserved;card-ls9-du-summary;card-ls9-df-path-docker;card-df-i-vs-df-h;card-du-sort-blank","cheat-disk-full;cheat-docker-disk;cheat-log-fill-disk","已贯通"
"4","linux-storage","磁盘与存储","ls9-ncdu","ncdu","2","command","是","有卡无课","","card-path-interactive-disk-view","","评估补课程步骤"
"4","linux-storage","磁盘与存储","ls9-lsblk","lsblk","1","command","是","已教已练","ls-growpart-after-resize;ls-lsblk-before-mount;ls-new-disk-not-visible;cap-new-server-audit","card-ls9-lsblk-vs-df;card-ls9-iostat-which-disk;card-ls9-df-path-docker","","已贯通"
"4","linux-storage","磁盘与存储","ls9-blkid","blkid","2","command","是","有课无卡","ls-new-disk-not-visible","","","评估补迁移/辨析卡"
"4","linux-storage","磁盘与存储","ls9-findmnt","findmnt","2","command","是","已教已练","ls-findmnt-which-device","card-ls9-findmnt-source","","已贯通"
"4","linux-storage","磁盘与存储","ls9-fdisk","fdisk","2","command","是","有课无卡","ls-new-disk-not-visible","","","评估补迁移/辨析卡"
"4","linux-storage","磁盘与存储","ls9-parted","parted","2","command","是","有卡无课","","card-path-capacity-before-format","","评估补课程步骤"
"4","linux-storage","磁盘与存储","ls9-partprobe","partprobe","2","command","是","有卡无课","","card-path-capacity-before-format","","评估补课程步骤"
"4","linux-storage","磁盘与存储","ls9-mkfs-ext4","mkfs.ext4","2","command","是","有卡无课","","card-path-capacity-before-format","","评估补课程步骤"
"4","linux-storage","磁盘与存储","ls9-mkfs-xfs","mkfs.xfs","2","command","是","有卡无课","","card-path-capacity-before-format","","评估补课程步骤"
"4","linux-storage","磁盘与存储","ls9-mkswap","mkswap","2","command","是","有卡无课","","card-path-swap-and-quota","","评估补课程步骤"
"4","linux-storage","磁盘与存储","ls9-swapon","swapon / swapoff","2","command","是","有卡无课","","card-path-swap-and-quota","","评估补课程步骤"
"4","linux-storage","磁盘与存储","ls9-mount","mount","2","command","是","有卡无课","","card-ls9-findmnt-source;card-ls9-mount-point-shadow;card-ls9-fstab-verify;card-ls9-mount-a","","评估补课程步骤"
"4","linux-storage","磁盘与存储","ls9-umount","umount","2","command","是","已教已练","ls-umount-busy","card-ls9-mount-point-shadow","","已贯通"
"4","linux-storage","磁盘与存储","ls9-fstab","/etc/fstab","3","command","否","有卡无课","","card-lb-stat-three-times;card-ls9-findmnt-source;card-ls9-mount-point-shadow;card-ls9-fstab-verify;card-ls9-mount-a","","评估补真实环境操作讲解"
"4","linux-storage","磁盘与存储","ls9-systemd-mount","systemd mount unit","3","command","否","有卡无课","","card-ls9-fstab-verify","","评估补真实环境操作讲解"
"4","linux-storage","磁盘与存储","ls9-autofs","autofs","3","command","否","无课无卡","","","","按命令补强取舍逐条复核，不因首词可执行而直接补课"
"4","linux-storage","磁盘与存储","ls9-nfs-client","mount -t nfs（客户端）","3","recipe","是","有卡无课","","card-ls9-findmnt-source","","评估补课程步骤"
"4","linux-storage","磁盘与存储","ls9-nfs-server","exportfs / /etc/exports","3","command","是","有卡无课","","card-path-nfs-export-audit","","评估补课程步骤"
"4","linux-storage","磁盘与存储","ls9-new-disk-flow","华为云 ECS 挂载 EVS 数据盘全流程","2","recipe","否","有卡无课","","card-ls9-mount-point-shadow;card-ls9-fstab-verify;card-ls9-mount-a","","评估补真实环境操作讲解"
"4","linux-storage","磁盘与存储","ls9-growpart","growpart","3","command","是","已教已练","ls-growpart-after-resize","card-ls9-lsblk-vs-df","","已贯通"
"4","linux-storage","磁盘与存储","ls9-lvm-overview","LVM 概览（PV/VG/LV）","2","recipe","否","有卡无课","","card-gap-lvm-chain","","评估补真实环境操作讲解"
"4","linux-storage","磁盘与存储","ls9-pvcreate","pvcreate / pvs / pvdisplay","3","command","是","已教已练","ls-lvm-why","card-chain-lvm-grow","","已贯通"
"4","linux-storage","磁盘与存储","ls9-vgcreate","vgcreate / vgs / vgextend","3","command","是","有卡无课","","card-gap-lvm-chain","","评估补课程步骤"
"4","linux-storage","磁盘与存储","ls9-lvcreate","lvcreate / lvs / lvextend","3","command","是","已教已练","ls-lvm-why","card-chain-lvm-grow","","已贯通"
"4","linux-storage","磁盘与存储","ls9-lvreduce","lvreduce","4","command","是","无课无卡","","","","按命令补强取舍逐条复核，不因首词可执行而直接补课"
"4","linux-storage","磁盘与存储","ls9-lvm-extend","LVM 在线扩容完整流程","3","recipe","否","有卡无课","","card-ls9-lsblk-vs-df","","评估补真实环境操作讲解"
"4","linux-storage","磁盘与存储","ls9-lvremove","lvremove","3","command","是","无课无卡","","","","按命令补强取舍逐条复核，不因首词可执行而直接补课"
"4","linux-storage","磁盘与存储","ls9-fsck","fsck / e2fsck","3","command","是","有卡无课","","card-gap-fsck-unmounted","","评估补课程步骤"
"4","linux-storage","磁盘与存储","ls9-resize2fs","resize2fs","3","command","是","有卡无课","","card-gap-lvm-chain","","评估补课程步骤"
"4","linux-storage","磁盘与存储","ls9-xfs-growfs","xfs_growfs","3","command","是","有卡无课","","card-gap-lvm-chain","","评估补课程步骤"
"4","linux-storage","磁盘与存储","ls9-tune2fs","tune2fs / dumpe2fs","3","command","是","已教已练","ls-df-du-mismatch","card-ls9-df-avail-reserved","","已贯通"
"4","linux-storage","磁盘与存储","ls9-iostat","iostat","2","command","是","已教已练","ls-io-bottleneck","card-mon-iostat-util-vs-await;card-ls9-iostat-which-disk","","已贯通"
"4","linux-storage","磁盘与存储","ls9-iotop","iotop","2","command","是","已教已练","ls-io-bottleneck","card-ls9-iostat-which-disk","cheat-disk-io-bottleneck","已贯通"
"4","linux-storage","磁盘与存储","ls9-ioping","ioping","3","command","是","已教已练","ls-disk-perf-baseline","card-chain-disk-baseline","","已贯通"
"4","linux-storage","磁盘与存储","ls9-fio","fio","3","command","是","已教已练","ls-disk-perf-baseline","card-chain-disk-baseline","","已贯通"
"4","linux-storage","磁盘与存储","ls9-dd","dd（磁盘测速）","3","recipe","否","无课无卡","","","","按命令补强取舍逐条复核，不因首词可执行而直接补课"
"4","linux-storage","磁盘与存储","ls9-mdadm","mdadm","4","command","是","无课无卡","","","","按命令补强取舍逐条复核，不因首词可执行而直接补课"
"4","linux-storage","磁盘与存储","ls9-mdstat","cat /proc/mdstat","3","command","是","已教已练","ls-raid-degraded","card-chain-raid-degraded","","已贯通"
"4","linux-storage","磁盘与存储","ls9-smartctl","smartctl","3","command","是","已教已练","ls-smart-disk-failing","card-chain-smart-warning","","已贯通"
"4","linux-storage","磁盘与存储","ls9-hdparm","hdparm","4","command","是","无课无卡","","","","按命令补强取舍逐条复核，不因首词可执行而直接补课"
"4","linux-storage","磁盘与存储","ls9-sync","sync","2","command","是","无课无卡","","","","按命令补强取舍逐条复核，不因首词可执行而直接补课"
"4","linux-storage","磁盘与存储","ls9-fallocate","fallocate","3","command","是","有卡无课","","card-ls9-log-truncate","","评估补课程步骤"
"4","linux-storage","磁盘与存储","ls9-blkdiscard","blkdiscard","4","command","是","无课无卡","","","","按命令补强取舍逐条复核，不因首词可执行而直接补课"
"4","linux-storage","磁盘与存储","ls9-quota","quota / repquota","4","command","否","有卡无课","","card-path-swap-and-quota","","评估补真实环境操作讲解"
"3","shell","Shell 脚本编程","sh-var-export","变量赋值与 export","1","recipe","否","已教已练","sh-hosts-inventory-loop;sh-timestamp-filename;sh-case-dispatch","card-lu-export-env;card-sh-systemd-unit-env;card-shell-quote-single-double","","已贯通"
"3","shell","Shell 脚本编程","sh-quotes","单引号 / 双引号 / 反引号","2","recipe","否","已教已练","sh-timestamp-filename","card-shell-quote-single-double","","已贯通"
"3","shell","Shell 脚本编程","sh-param-default","${var:-默认值} 系列","3","recipe","否","已教已练","sh-param-fallback","card-sh-test-brackets","","已贯通"
"3","shell","Shell 脚本编程","sh-string-ops","${var#} / ${var%} / ${var//}","3","command","否","有课无卡","sh-log-archive-loop;sh-timestamp-filename","","","评估补迁移/辨析卡"
"3","shell","Shell 脚本编程","sh-array","数组与关联数组","3","recipe","否","有卡无课","","card-path-safe-input","","评估补真实环境操作讲解"
"3","shell","Shell 脚本编程","sh-special-vars","$? / $# / $@ / $* / $$","2","command","否","已教已练","sh-hosts-inventory-loop;sh-param-fallback","card-lu-export-env","","已贯通"
"3","shell","Shell 脚本编程","sh-if","if / elif / else","1","command","否","已教已练","sh-stderr-log;sh-pipe-subshell-trap;sh-first-script","card-sh-and-or-shortcircuit;card-sh-test-brackets","","已贯通"
"3","shell","Shell 脚本编程","sh-test","test / [ ] / [[ ]] 的区别","3","recipe","是","有卡无课","","card-sh-test-brackets","","评估补课程步骤"
"3","shell","Shell 脚本编程","sh-case","case","2","command","否","已教已练","sh-case-dispatch","card-sh-test-brackets","","已贯通"
"3","shell","Shell 脚本编程","sh-for","for","1","command","否","有课无卡","sh-log-archive-loop;sh-pipe-subshell-trap","","","评估补迁移/辨析卡"
"3","shell","Shell 脚本编程","sh-while-until","while / until","2","command","否","有课无卡","sh-pipe-subshell-trap","","","评估补迁移/辨析卡"
"3","shell","Shell 脚本编程","sh-break-continue","break / continue","2","command","是","有卡无课","","card-path-loop-control","","评估补课程步骤"
"3","shell","Shell 脚本编程","sh-function","函数定义与 local","2","recipe","否","有卡无课","","card-path-robust-arguments","","评估补真实环境操作讲解"
"3","shell","Shell 脚本编程","sh-getopts","getopts","3","command","否","有卡无课","","card-path-robust-arguments","","评估补真实环境操作讲解"
"3","shell","Shell 脚本编程","sh-redirect","> / >> / 2> / &> / 2>&1","2","command","否","已教已练","sh-hosts-inventory-loop;sh-stderr-log;sh-pipe-subshell-trap","card-lb-redirect-append;card-lt-jq-format","","已贯通"
"3","shell","Shell 脚本编程","sh-heredoc","<< here-document 与 <<< here-string","3","recipe","否","有卡无课","","card-path-safe-input","","评估补真实环境操作讲解"
"3","shell","Shell 脚本编程","sh-pipe-cmdsub","管道与 $() 命令替换","2","recipe","否","有课无卡","sh-timestamp-filename","","","评估补迁移/辨析卡"
"3","shell","Shell 脚本编程","sh-tee-exec","tee 与 exec 重定向","3","recipe","是","有卡无课","","card-lb-redirect-append","","评估补课程步骤"
"3","shell","Shell 脚本编程","sh-devnull-devtcp","/dev/null 与 /dev/tcp","3","recipe","否","无课无卡","","","","按命令补强取舍逐条复核，不因首词可执行而直接补课"
"3","shell","Shell 脚本编程","sh-set-euo-pipefail","set -euo pipefail","3","command","否","有卡无课","","card-lb-rm-r-dir;card-lt-grep-invert;card-lt-grep-count;card-sh-set-euo-pipefail;card-sh-grep-exit-code;card-sh-backup-verify","","评估补真实环境操作讲解"
"3","shell","Shell 脚本编程","sh-trap","trap 清理与信号处理","4","recipe","否","有卡无课","","card-lu-kill-term-vs-kill9;card-sh-set-euo-pipefail","","评估补真实环境操作讲解"
"3","shell","Shell 脚本编程","sh-shift","shift 与参数校验","2","recipe","是","有卡无课","","card-path-robust-arguments","","评估补课程步骤"
"3","shell","Shell 脚本编程","sh-mktemp","mktemp 与临时文件安全","3","recipe","是","有卡无课","","card-gap-mktemp","","评估补课程步骤"
"3","shell","Shell 脚本编程","sh-read","read -r -p 交互输入","2","recipe","是","有课无卡","sh-hosts-inventory-loop;sh-pipe-subshell-trap","","","评估补迁移/辨析卡"
"3","shell","Shell 脚本编程","sh-log-error","错误处理与日志函数","3","recipe","否","已教已练","sh-stderr-log","card-sh-set-euo-pipefail;card-sh-and-or-shortcircuit;card-sh-grep-exit-code","","已贯通"
"3","shell","Shell 脚本编程","sh-debug","bash -x / set -x 调试","3","recipe","否","有卡无课","","card-sh-set-euo-pipefail","","评估补真实环境操作讲解"
"3","shell","Shell 脚本编程","sh-background","nohup / & / disown / setsid","3","command","否","有卡无课","","card-lu-kill-term-vs-kill9","","评估补真实环境操作讲解"
"3","shell","Shell 脚本编程","sh-screen-tmux","screen / tmux 会话保持","2","recipe","否","有卡无课","","card-path-session-preservation","","评估补真实环境操作讲解"
"3","shell","Shell 脚本编程","sh-wait","wait 与并发控制","3","recipe","是","有卡无课","","card-path-loop-control","","评估补课程步骤"
"3","shell","Shell 脚本编程","sh-timeout","timeout","2","command","是","有卡无课","","card-path-safe-input","","评估补课程步骤"
"3","shell","Shell 脚本编程","sh-systemd-wrapper","脚本自启动与 systemd 封装","3","recipe","否","有卡无课","","card-sh-systemd-unit-env;card-sh-enable-vs-start","","评估补真实环境操作讲解"
"3","shell","Shell 脚本编程","sh-template-backup","备份脚本模板（日志/锁/告警）","4","recipe","否","有卡无课","","card-lb-pwd-cwd;card-lu-date-format;card-sh-cron-output-env;card-sh-backup-verify","","评估补真实环境操作讲解"
"3","shell","Shell 脚本编程","sh-template-log-clean","日志清理脚本模板","3","recipe","否","有卡无课","","card-sh-cron-step","","评估补真实环境操作讲解"
"3","shell","Shell 脚本编程","sh-template-health","健康检查与自动重启模板","3","recipe","否","有卡无课","","card-sh-and-or-shortcircuit;card-sh-curl-exit-code","","评估补真实环境操作讲解"
"3","shell","Shell 脚本编程","sh-template-batch-ssh","批量多主机操作模板","4","recipe","否","无课无卡","","","","按命令补强取舍逐条复核，不因首词可执行而直接补课"
"3","shell","Shell 脚本编程","sh-echo","echo","1","command","是","有课无卡","ci-git-branch-fix;sh-first-script","","","评估补迁移/辨析卡"
"6","docker","Docker 容器","dk-pull","docker pull","1","command","是","有卡无课","","card-gap-docker-pull-build","cheat-docker-image;cheat-k8s-image","评估补课程步骤"
"6","docker","Docker 容器","dk-images","docker images","1","command","是","有课无卡","dk-disk-eaten-by-docker;dk-remove-container-and-image","","","评估补迁移/辨析卡"
"6","docker","Docker 容器","dk-build","docker build","2","command","是","有卡无课","","card-gap-docker-pull-build","","评估补课程步骤"
"6","docker","Docker 容器","dk-buildx","docker buildx","3","command","是","有卡无课","","card-path-image-promotion","","评估补课程步骤"
"6","docker","Docker 容器","dk-tag","docker tag","1","command","是","有卡无课","","card-path-image-promotion","cheat-docker-image","评估补课程步骤"
"6","docker","Docker 容器","dk-push","docker push","2","command","是","有卡无课","","card-path-image-promotion","cheat-docker-image","评估补课程步骤"
"6","docker","Docker 容器","dk-rmi","docker rmi","2","command","是","已教已练","dk-remove-container-and-image","card-docker-rm-vs-rmi","","已贯通"
"6","docker","Docker 容器","dk-save","docker save / docker load","2","command","是","有卡无课","","card-path-airgap-image","","评估补课程步骤"
"6","docker","Docker 容器","dk-history","docker history","2","command","是","有卡无课","","card-path-airgap-image","","评估补课程步骤"
"6","docker","Docker 容器","dk-inspect","docker inspect","2","command","是","已教已练","dk-exitcode","card-docker-oomkilled-not-exitcode;card-docker-restart-count;card-docker-stats-vs-limit;card-docker-inspect-format-exitcode;card-mon-oomkilled-exit-137","cheat-docker-restart","已贯通"
"6","docker","Docker 容器","dk-commit","docker commit","3","command","是","无课无卡","","","","按命令补强取舍逐条复核，不因首词可执行而直接补课"
"6","docker","Docker 容器","dk-dockerfile","Dockerfile 关键指令","2","recipe","否","有卡无课","","card-path-container-drift","","评估补真实环境操作讲解"
"6","docker","Docker 容器","dk-run","docker run","2","command","是","有卡无课","","card-docker-compose-port-order;card-docker-exec-vs-run","cheat-docker-restart;cheat-docker-timezone","评估补课程步骤"
"6","docker","Docker 容器","dk-ps","docker ps","1","command","是","已教已练","dk-ps-all;dk-logs;dk-exitcode;dk-which-container-eats;dk-container-keeps-restarting;dk-remove-container-and-image","card-docker-container-missing-ps-a;card-docker-restart-count;card-docker-port-mapping-check;card-docker-inspect-format-exitcode;card-docker-compose-ps-vs-ps","cheat-docker-restart;cheat-docker-port","已贯通"
"6","docker","Docker 容器","dk-start","docker start","1","command","是","有卡无课","","card-path-container-drift","","评估补课程步骤"
"6","docker","Docker 容器","dk-stop","docker stop","1","command","是","已教已练","dk-stop-graceful-vs-kill","card-docker-stop-vs-kill","","已贯通"
"6","docker","Docker 容器","dk-restart","docker restart","1","command","是","已教已练","dk-stop-graceful-vs-kill","card-docker-stop-vs-kill","","已贯通"
"6","docker","Docker 容器","dk-kill","docker kill","2","command","是","已教已练","dk-stop-graceful-vs-kill","card-docker-stop-vs-kill","","已贯通"
"6","docker","Docker 容器","dk-rm","docker rm","1","command","是","已教已练","dk-remove-container-and-image","card-docker-logs-exited-container;card-docker-rm-vs-rmi;card-docker-logs-vs-events","","已贯通"
"6","docker","Docker 容器","dk-pause","docker pause / docker unpause","3","command","是","无课无卡","","","","按命令补强取舍逐条复核，不因首词可执行而直接补课"
"6","docker","Docker 容器","dk-wait","docker wait","3","command","是","无课无卡","","","","按命令补强取舍逐条复核，不因首词可执行而直接补课"
"6","docker","Docker 容器","dk-rename","docker rename","2","command","是","无课无卡","","","","按命令补强取舍逐条复核，不因首词可执行而直接补课"
"6","docker","Docker 容器","dk-update","docker update","3","command","是","有卡无课","","card-docker-oomkilled-not-exitcode;card-docker-restart-count;card-docker-stats-vs-limit","","评估补课程步骤"
"6","docker","Docker 容器","dk-exec","docker exec","2","command","是","已教已练","dk-inspect-net","card-docker-exec-vs-run;card-docker-exec-vs-attach","cheat-docker-network;cheat-docker-timezone;cheat-docker-port","已贯通"
"6","docker","Docker 容器","dk-logs","docker logs","1","command","是","已教已练","dk-logs;dk-container-keeps-restarting","card-docker-logs-exited-container;card-docker-logs-tail-flag;card-docker-logs-vs-events","cheat-docker-restart","已贯通"
"6","docker","Docker 容器","dk-stats","docker stats","2","command","是","已教已练","dk-which-container-eats","card-docker-stats-vs-limit","","已贯通"
"6","docker","Docker 容器","dk-cp","docker cp","2","command","是","有卡无课","","card-path-container-drift","","评估补课程步骤"
"6","docker","Docker 容器","dk-diff","docker diff","3","command","是","有卡无课","","card-path-container-drift","","评估补课程步骤"
"6","docker","Docker 容器","dk-events","docker events","3","command","是","已教已练","dk-container-keeps-restarting","card-docker-logs-vs-events","","已贯通"
"6","docker","Docker 容器","dk-network-ls","docker network ls","1","command","是","有课无卡","dk-inspect-net","","","评估补迁移/辨析卡"
"6","docker","Docker 容器","dk-network-create","docker network create","2","command","是","已教已练","dk-custom-network-alias","card-docker-network-dns-same-net","","已贯通"
"6","docker","Docker 容器","dk-network-inspect","docker network inspect","2","command","是","已教已练","dk-inspect-net","card-docker-network-dns-same-net","cheat-docker-network","已贯通"
"6","docker","Docker 容器","dk-network-connect","docker network connect / disconnect","3","command","是","已教已练","dk-custom-network-alias","card-docker-network-dns-same-net","","已贯通"
"6","docker","Docker 容器","dk-network-rm","docker network rm / prune","2","command","是","无课无卡","","","","按命令补强取舍逐条复核，不因首词可执行而直接补课"
"6","docker","Docker 容器","dk-network-modes","Docker 网络模式（bridge/host/none/container）","2","recipe","否","有卡无课","","card-docker-port-mapping-check;card-docker-compose-port-order","","评估补真实环境操作讲解"
"6","docker","Docker 容器","dk-volume-create","docker volume create","2","command","是","有卡无课","","card-docker-volume-named-vs-bind","","评估补课程步骤"
"6","docker","Docker 容器","dk-volume-ls","docker volume ls","1","command","是","已教已练","dk-volume-outlives-container","card-docker-volume-named-vs-bind","","已贯通"
"6","docker","Docker 容器","dk-volume-inspect","docker volume inspect","2","command","是","有卡无课","","card-docker-volume-named-vs-bind","","评估补课程步骤"
"6","docker","Docker 容器","dk-volume-rm","docker volume rm / prune","2","command","是","已教已练","dk-volume-outlives-container","card-docker-rm-vs-rmi;card-docker-system-prune-scope","","已贯通"
"6","docker","Docker 容器","dk-volume-vs-bind","volume、bind mount 与 tmpfs 对比","2","recipe","否","有卡无课","","card-docker-volume-named-vs-bind","","评估补真实环境操作讲解"
"6","docker","Docker 容器","dk-system-prune","docker system prune","2","command","是","已教已练","dk-disk-eaten-by-docker","card-docker-system-df-reclaimable;card-docker-system-prune-scope","","已贯通"
"6","docker","Docker 容器","dk-compose-up","docker compose up","2","command","是","已教已练","dk-compose-validate-then-up","card-docker-compose-up-detach","","已贯通"
"6","docker","Docker 容器","dk-compose-down","docker compose down","2","command","是","有卡无课","","card-docker-compose-up-detach","","评估补课程步骤"
"6","docker","Docker 容器","dk-compose-ps","docker compose ps","1","command","是","已教已练","dk-compose-service-down;dk-compose-validate-then-up","card-docker-compose-ps-vs-ps","","已贯通"
"6","docker","Docker 容器","dk-compose-logs","docker compose logs","1","command","是","已教已练","dk-compose-service-down","card-docker-compose-up-detach;card-docker-compose-ps-vs-ps","","已贯通"
"6","docker","Docker 容器","dk-compose-exec","docker compose exec","2","command","是","有卡无课","","card-docker-exec-vs-run;card-docker-exec-vs-attach","","评估补课程步骤"
"6","docker","Docker 容器","dk-compose-config","docker compose config","2","command","是","已教已练","dk-compose-validate-then-up","card-docker-compose-port-order","","已贯通"
"6","docker","Docker 容器","dk-compose-yml","compose.yaml 关键字段","2","recipe","否","有卡无课","","card-docker-compose-port-order","","评估补真实环境操作讲解"
"6","docker","Docker 容器","dk-info","docker info","1","command","是","有卡无课","","card-docker-info-vs-version","cheat-docker-image","评估补课程步骤"
"6","docker","Docker 容器","dk-df","docker system df","2","command","是","已教已练","dk-df","card-docker-system-df-reclaimable;card-docker-system-prune-scope;card-docker-info-vs-version","cheat-docker-disk","已贯通"
"6","docker","Docker 容器","dk-container-logs-size","容器日志占满磁盘的处理（--log-opt）","2","recipe","否","有卡无课","","card-docker-logs-exited-container;card-docker-logs-vs-events","","评估补真实环境操作讲解"
"6","docker","Docker 容器","dk-prune-image","docker image prune","2","command","是","有卡无课","","card-docker-system-df-reclaimable;card-docker-rm-vs-rmi;card-docker-system-prune-scope","cheat-docker-disk","评估补课程步骤"
"6","docker","Docker 容器","dk-daemon-json","daemon.json 关键配置","3","recipe","否","有卡无课","","card-docker-info-vs-version","","评估补真实环境操作讲解"
"6","docker","Docker 容器","dk-troubleshoot-restart","容器反复重启排查（ps -a → logs → inspect）","3","recipe","否","有卡无课","","card-docker-container-missing-ps-a;card-docker-oomkilled-not-exitcode;card-mon-oomkilled-exit-137","","评估补真实环境操作讲解"
"6","docker","Docker 容器","dk-troubleshoot-timezone","容器时区不对的排查（TZ / localtime）","2","recipe","否","有卡无课","","card-path-timezone-diagnosis","","评估补真实环境操作讲解"
"6","docker","Docker 容器","dk-troubleshoot-network","容器网络不通排查（外网 / 宿主机 / DNS）","4","recipe","否","有卡无课","","card-docker-network-dns-same-net;card-docker-port-mapping-check;card-docker-exec-vs-run","","评估补真实环境操作讲解"
"7","kubernetes","Kubernetes","k8s-get-nodes","kubectl get nodes","1","command","是","已教已练","k8s-nodes;k8s-top","card-k8s-get-nodes-vs-top","cheat-k8s-pending;cheat-k8s-node","已贯通"
"7","kubernetes","Kubernetes","k8s-cluster-info","kubectl cluster-info","1","command","是","有卡无课","","card-k8s-wrong-cluster-context","","评估补课程步骤"
"7","kubernetes","Kubernetes","k8s-config","kubectl config","2","command","是","已教已练","k8s-get-pods","card-k8s-wrong-namespace;card-k8s-wrong-cluster-context","cheat-k8s-forbidden","已贯通"
"7","kubernetes","Kubernetes","k8s-version","kubectl version","1","command","是","有卡无课","","card-path-image-pull-triage","","评估补课程步骤"
"7","kubernetes","Kubernetes","k8s-api-resources","kubectl api-resources","3","command","是","有卡无课","","card-k8s-explain-vs-api-resources","","评估补课程步骤"
"7","kubernetes","Kubernetes","k8s-explain","kubectl explain","2","command","是","有卡无课","","card-k8s-explain-vs-api-resources","","评估补课程步骤"
"7","kubernetes","Kubernetes","k8s-get","kubectl get","1","command","是","已教已练","k8s-get-pods;k8s-describe;k8s-endpoints;hl-orphan-resources-not-in-helm","card-k8s-wrong-namespace;card-k8s-rollout-status-blocking;card-k8s-deploy-ready-vs-available;card-k8s-get-vs-describe;card-k8s-get-wide-columns;card-gap-k8s-endpoints","cheat-k8s-pod;cheat-k8s-svc;cheat-k8s-pending;cheat-k8s-crash;cheat-k8s-image;cheat-k8s-storage;cheat-k8s-forbidden","已贯通"
"7","kubernetes","Kubernetes","k8s-describe","kubectl describe","1","command","是","已教已练","k8s-describe","card-k8s-pending-insufficient-cpu;card-k8s-crashloop-laststate-exitcode;card-k8s-describe-node-requests;card-k8s-events-warning-filter;card-k8s-get-vs-describe","cheat-k8s-pod;cheat-k8s-svc;cheat-k8s-pending;cheat-k8s-crash;cheat-k8s-node;cheat-k8s-image;cheat-k8s-storage","已贯通"
"7","kubernetes","Kubernetes","k8s-get-events","kubectl get events","2","command","是","已教已练","k8s-events","card-k8s-pending-insufficient-cpu;card-k8s-events-warning-filter;card-k8s-events-sort-by","cheat-k8s-pod","已贯通"
"7","kubernetes","Kubernetes","k8s-logs","kubectl logs","1","command","是","已教已练","k8s-logs-prev","card-k8s-logs-dns-unknownhost;card-k8s-debug-distroless;card-kubectl-logs-previous","cheat-k8s-pod;cheat-k8s-crash","已贯通"
"7","kubernetes","Kubernetes","k8s-top","kubectl top","2","command","是","已教已练","k8s-top","card-k8s-describe-node-requests;card-k8s-get-nodes-vs-top","","已贯通"
"7","kubernetes","Kubernetes","k8s-jsonpath","kubectl -o jsonpath","3","command","是","已教已练","k8s-jsonpath-for-scripts;k8s-namespace-context","card-k8s-explain-vs-api-resources;card-k8s-get-wide-columns","","已贯通"
"7","kubernetes","Kubernetes","k8s-exec","kubectl exec","1","command","是","有卡无课","","card-k8s-logs-dns-unknownhost;card-k8s-port-forward-debug;card-k8s-exec-double-dash","","评估补课程步骤"
"7","kubernetes","Kubernetes","k8s-port-forward","kubectl port-forward","2","command","是","已教已练","k8s-port-forward-no-expose","card-k8s-port-forward-debug","","已贯通"
"7","kubernetes","Kubernetes","k8s-cp","kubectl cp","2","command","是","已教已练","k8s-copy-files-in-out","card-k8s-exec-double-dash","","已贯通"
"7","kubernetes","Kubernetes","k8s-debug","kubectl debug","3","command","是","有卡无课","","card-k8s-port-forward-debug;card-k8s-debug-distroless","cheat-k8s-node","评估补课程步骤"
"7","kubernetes","Kubernetes","k8s-node-shell","kubectl node-shell / 节点排障","3","recipe","是","有卡无课","","card-k8s-debug-distroless","","评估补课程步骤"
"7","kubernetes","Kubernetes","k8s-apply","kubectl apply -f","1","command","是","已教已练","k8s-diff-before-apply","card-k8s-rollout-status-blocking;card-k8s-rollout-undo-vs-restart;card-k8s-apply-vs-create-replace","","已贯通"
"7","kubernetes","Kubernetes","k8s-rollout","kubectl rollout","2","command","是","已教已练","k8s-rollout-verify;k8s-urgent-scale-and-image","card-k8s-rollout-status-blocking;card-k8s-rollout-undo-vs-restart","","已贯通"
"7","kubernetes","Kubernetes","k8s-scale","kubectl scale","2","command","是","已教已练","k8s-urgent-scale-and-image","card-k8s-deploy-ready-vs-available;card-k8s-scale-vs-hpa","","已贯通"
"7","kubernetes","Kubernetes","k8s-delete","kubectl delete","1","command","是","有卡无课","","card-k8s-delete-pod-vs-deployment","","评估补课程步骤"
"7","kubernetes","Kubernetes","k8s-edit","kubectl edit / patch","3","command","是","有卡无课","","card-k8s-apply-vs-create-replace","","评估补课程步骤"
"7","kubernetes","Kubernetes","k8s-cordon","kubectl cordon / uncordon","2","command","是","已教已练","k8s-node-maintenance","card-k8s-cordon-vs-drain;card-k8s-taint-vs-cordon","","已贯通"
"7","kubernetes","Kubernetes","k8s-drain","kubectl drain","2","command","是","已教已练","k8s-node-maintenance","card-k8s-cordon-vs-drain","","已贯通"
"7","kubernetes","Kubernetes","k8s-troubleshoot-pod","Pod 起不来排查三板斧","2","recipe","否","有卡无课","","card-k8s-delete-pod-vs-deployment;card-k8s-get-vs-describe;card-k8s-liveness-vs-readiness","","评估补真实环境操作讲解"
"7","kubernetes","Kubernetes","k8s-troubleshoot-svc","Service 访问不通排查","3","recipe","否","已教已练","k8s-pod-dns-broken","card-k8s-svc-external-access;card-gap-k8s-endpoints","","已贯通"
"7","kubernetes","Kubernetes","k8s-set-image","kubectl set image","2","command","是","已教已练","k8s-urgent-scale-and-image","card-k8s-rollout-undo-vs-restart","","已贯通"
"7","kubernetes","Kubernetes","k8s-auth-can-i","kubectl auth can-i","3","command","是","已教已练","k8s-sa-token-permission;k8s-who-am-i;hl-release-inventory-audit","card-k8s-auth-can-i","cheat-k8s-forbidden","已贯通"
"7","kubernetes","Kubernetes","k8s-cce-kubeconfig","连接华为云 CCE 集群","2","recipe","否","有卡无课","","card-k8s-wrong-cluster-context","","评估补真实环境操作讲解"
"7","kubernetes","Kubernetes","k8s-deployment","Deployment 资源","1","recipe","否","有卡无课","","card-k8s-wrong-namespace;card-k8s-rollout-status-blocking;card-k8s-deploy-ready-vs-available;card-k8s-delete-pod-vs-deployment;card-k8s-scale-vs-hpa;card-helm-vs-kubectl-view","","评估补真实环境操作讲解"
"7","kubernetes","Kubernetes","k8s-statefulset","StatefulSet 资源","2","recipe","否","有卡无课","","card-k8s-delete-pod-vs-deployment","","评估补真实环境操作讲解"
"7","kubernetes","Kubernetes","k8s-daemonset","DaemonSet 资源","2","recipe","否","有卡无课","","card-path-workload-choice","","评估补真实环境操作讲解"
"7","kubernetes","Kubernetes","k8s-job","Job 资源","2","recipe","否","有卡无课","","card-path-workload-choice","","评估补真实环境操作讲解"
"7","kubernetes","Kubernetes","k8s-cronjob","CronJob 资源","2","recipe","否","有卡无课","","card-path-workload-choice","","评估补真实环境操作讲解"
"7","kubernetes","Kubernetes","k8s-service","Service 三种类型","1","recipe","否","有卡无课","","card-k8s-svc-external-access;card-k8s-port-forward-debug;card-k8s-liveness-vs-readiness;card-k8s-endpoints-none","","评估补真实环境操作讲解"
"7","kubernetes","Kubernetes","k8s-ingress","Ingress 资源","2","recipe","否","有卡无课","","card-path-exposure-and-config","","评估补真实环境操作讲解"
"7","kubernetes","Kubernetes","k8s-configmap","ConfigMap 资源","1","recipe","否","有卡无课","","card-k8s-rollout-undo-vs-restart;card-k8s-configmap-vs-secret","","评估补真实环境操作讲解"
"7","kubernetes","Kubernetes","k8s-secret","Secret 资源","2","recipe","否","有卡无课","","card-k8s-configmap-vs-secret","","评估补真实环境操作讲解"
"7","kubernetes","Kubernetes","k8s-pvc-pv","PersistentVolumeClaim / PersistentVolume","2","command","否","有卡无课","","card-k8s-pvc-pending-provision","","评估补真实环境操作讲解"
"7","kubernetes","Kubernetes","k8s-storageclass","StorageClass 存储类","3","recipe","否","有卡无课","","card-k8s-pvc-pending-provision","","评估补真实环境操作讲解"
"7","kubernetes","Kubernetes","k8s-hpa","HorizontalPodAutoscaler","3","command","否","有卡无课","","card-k8s-scale-vs-hpa","","评估补真实环境操作讲解"
"7","kubernetes","Kubernetes","k8s-create-namespace","kubectl create namespace","1","command","是","有课无卡","k8s-namespace-context","","","评估补迁移/辨析卡"
"7","kubernetes","Kubernetes","k8s-create-secret-generic","kubectl create secret generic","2","command","是","已教已练","k8s-secret-not-in-yaml","card-k8s-configmap-vs-secret","","已贯通"
"7","kubernetes","Kubernetes","k8s-create-configmap","kubectl create configmap","1","command","是","有卡无课","","card-path-exposure-and-config","","评估补课程步骤"
"7","kubernetes","Kubernetes","k8s-create-serviceaccount","kubectl create serviceaccount","2","command","是","有课无卡","k8s-sa-token-permission","","","评估补迁移/辨析卡"
"7","kubernetes","Kubernetes","k8s-create-job","kubectl create job","2","command","是","已教已练","k8s-one-off-job","card-chain-one-off-job","","已贯通"
"7","kubernetes","Kubernetes","k8s-create-token","kubectl create token","3","command","是","有课无卡","k8s-sa-token-permission","","","评估补迁移/辨析卡"
"7","kubernetes","Kubernetes","k8s-label","kubectl label","2","command","是","已教已练","k8s-label-scheduling","card-helm-vs-kubectl-view","","已贯通"
"7","kubernetes","Kubernetes","k8s-annotate","kubectl annotate","2","command","是","已教已练","k8s-annotate-change-cause;hl-release-inventory-audit","card-chain-annotation-audit","","已贯通"
"7","kubernetes","Kubernetes","k8s-replace","kubectl replace --force","3","command","是","有卡无课","","card-k8s-apply-vs-create-replace","","评估补课程步骤"
"7","kubernetes","Kubernetes","k8s-diff","kubectl diff","3","command","是","已教已练","k8s-diff-before-apply","card-k8s-apply-vs-create-replace","","已贯通"
"7","kubernetes","Kubernetes","k8s-taint","kubectl taint","3","command","是","已教已练","k8s-taint-scheduling","card-k8s-taint-vs-cordon","","已贯通"
"7","kubernetes","Kubernetes","k8s-pods-by-node","kubectl get pods --field-selector spec.nodeName","2","command","是","已教已练","k8s-node-maintenance","card-k8s-taint-vs-cordon;card-k8s-get-wide-columns","","已贯通"
"7","kubernetes","Kubernetes","k8s-affinity-toleration","节点亲和性与污点容忍 YAML","3","recipe","否","有卡无课","","card-k8s-pending-insufficient-cpu;card-k8s-taint-vs-cordon","","评估补真实环境操作讲解"
"7","kubernetes","Kubernetes","k8s-top-node-sort","kubectl top node --sort-by","2","command","是","已教已练","k8s-node-pressure","card-k8s-describe-node-requests;card-k8s-get-nodes-vs-top","","已贯通"
"7","kubernetes","Kubernetes","k8s-pdb","PodDisruptionBudget（PDB）","3","command","否","有卡无课","","card-k8s-cordon-vs-drain","","评估补真实环境操作讲解"
"7","kubernetes","Kubernetes","k8s-get-nodes-label","kubectl get nodes -l","2","command","是","有课无卡","k8s-label-scheduling;hl-orphan-resources-not-in-helm","","","评估补迁移/辨析卡"
"7","kubernetes","Kubernetes","k8s-rbac-role","Role / RoleBinding","3","command","否","有卡无课","","card-k8s-auth-can-i;card-k8s-configmap-vs-secret","","评估补真实环境操作讲解"
"7","kubernetes","Kubernetes","k8s-rbac-clusterrole","ClusterRole / ClusterRoleBinding","3","command","否","有卡无课","","card-k8s-auth-can-i","","评估补真实环境操作讲解"
"7","kubernetes","Kubernetes","k8s-auth-reconcile","kubectl auth reconcile","3","command","是","无课无卡","","","","按命令补强取舍逐条复核，不因首词可执行而直接补课"
"7","kubernetes","Kubernetes","k8s-auth-whoami","kubectl auth whoami","3","command","是","已教已练","k8s-who-am-i","card-k8s-auth-can-i;card-k8s-wrong-cluster-context","","已贯通"
"7","kubernetes","Kubernetes","k8s-sa-token","ServiceAccount 令牌与身份安全","3","recipe","否","无课无卡","","","","按命令补强取舍逐条复核，不因首词可执行而直接补课"
"7","kubernetes","Kubernetes","k8s-networkpolicy","NetworkPolicy 基础","4","recipe","否","有卡无课","","card-gap-k8s-networkpolicy","","评估补真实环境操作讲解"
"7","kubernetes","Kubernetes","k8s-kubeadm-init","kubeadm init","4","command","是","无课无卡","","","","按命令补强取舍逐条复核，不因首词可执行而直接补课"
"7","kubernetes","Kubernetes","k8s-kubeadm-join","kubeadm join","4","command","是","无课无卡","","","","按命令补强取舍逐条复核，不因首词可执行而直接补课"
"7","kubernetes","Kubernetes","k8s-kubeadm-token","kubeadm token create --print-join-command","3","command","是","无课无卡","","","","按命令补强取舍逐条复核，不因首词可执行而直接补课"
"7","kubernetes","Kubernetes","k8s-kubeadm-upgrade","kubeadm upgrade plan","4","command","是","无课无卡","","","","按命令补强取舍逐条复核，不因首词可执行而直接补课"
"7","kubernetes","Kubernetes","k8s-kubeadm-reset","kubeadm reset","4","command","是","无课无卡","","","","按命令补强取舍逐条复核，不因首词可执行而直接补课"
"7","kubernetes","Kubernetes","k8s-etcdctl-snapshot-save","etcdctl snapshot save","4","command","是","已教已练","k8s-etcd-backup","card-chain-etcd-backup","","已贯通"
"7","kubernetes","Kubernetes","k8s-etcdctl-snapshot-restore","etcdctl snapshot restore","4","command","是","无课无卡","","","","按命令补强取舍逐条复核，不因首词可执行而直接补课"
"7","kubernetes","Kubernetes","k8s-crictl","crictl ps / crictl logs","4","command","否","有卡无课","","card-path-image-pull-triage","","评估补真实环境操作讲解"
"7","kubernetes","Kubernetes","k8s-pod-status-conditions","kubectl get pod -o yaml（看 status.conditions）","3","recipe","是","已教已练","k8s-pod-running-but-broken","card-k8s-crashloop-laststate-exitcode;card-k8s-deploy-ready-vs-available;card-k8s-liveness-vs-readiness","","已贯通"
"7","kubernetes","Kubernetes","k8s-events-involved-object","kubectl get events --field-selector involvedObject.name","2","command","是","已教已练","k8s-events-timeline","card-k8s-events-warning-filter;card-k8s-events-sort-by","","已贯通"
"7","kubernetes","Kubernetes","k8s-debug-copy-to","kubectl debug --copy-to","4","command","是","有卡无课","","card-k8s-debug-distroless","","评估补课程步骤"
"7","kubernetes","Kubernetes","k8s-exec-dns","kubectl exec 排查 DNS","3","recipe","是","已教已练","k8s-pod-dns-broken","card-k8s-logs-dns-unknownhost;card-k8s-exec-double-dash","","已贯通"
"7","kubernetes","Kubernetes","k8s-endpointslices","kubectl get endpointslices","3","command","是","已教已练","k8s-pod-dns-broken","card-k8s-svc-external-access;card-k8s-liveness-vs-readiness;card-k8s-endpoints-none","","已贯通"
"7","kubernetes","Kubernetes","k8s-troubleshoot-pending","Pod Pending 完整排查链路","3","recipe","否","有卡无课","","card-k8s-pending-insufficient-cpu;card-k8s-pvc-pending-provision;card-k8s-describe-node-requests","","评估补真实环境操作讲解"
"7","kubernetes","Kubernetes","k8s-troubleshoot-crashloop","CrashLoopBackOff 完整排查链路","3","recipe","否","有卡无课","","card-k8s-crashloop-laststate-exitcode;card-k8s-logs-dns-unknownhost;card-kubectl-logs-previous","","评估补真实环境操作讲解"
"7","kubernetes","Kubernetes","k8s-troubleshoot-imagepull","ImagePullBackOff 完整排查链路","3","recipe","否","有卡无课","","card-path-image-pull-triage","","评估补真实环境操作讲解"
"7","kubernetes","Kubernetes","k8s-troubleshoot-node-notready","节点 NotReady 完整排查链路","4","recipe","否","有卡无课","","card-k8s-get-nodes-vs-top","","评估补真实环境操作讲解"
"7","helm","Helm 包管理","hl-repo-add","helm repo add / update","1","command","是","有卡无课","","card-helm-repo-add-vs-update","","评估补课程步骤"
"7","helm","Helm 包管理","hl-repo-list","helm repo list","1","command","是","已教已练","hl-first-look","card-helm-repo-add-vs-update","","已贯通"
"7","helm","Helm 包管理","hl-repo-search","helm search repo / hub","1","command","是","已教已练","hl-template-before-install;hl-first-look","card-helm-repo-add-vs-update","","已贯通"
"7","helm","Helm 包管理","hl-install","helm install","2","command","是","已教已练","hl-template-before-install;hl-lint-before-release","card-helm-template-before-install;card-helm-upgrade-install-idempotent","","已贯通"
"7","helm","Helm 包管理","hl-upgrade","helm upgrade","2","command","是","已教已练","hl-upgrade-diff-before-apply","card-helm-rollback-bad-release;card-helm-upgrade-install-idempotent;card-helm-values-layering","","已贯通"
"7","helm","Helm 包管理","hl-upgrade-install","helm upgrade --install","2","command","是","已教已练","hl-upgrade-install-idempotent","card-helm-upgrade-install-idempotent","","已贯通"
"7","helm","Helm 包管理","hl-uninstall","helm uninstall","2","command","是","有卡无课","","card-helm-rollback-vs-uninstall","","评估补课程步骤"
"7","helm","Helm 包管理","hl-rollback","helm rollback","2","command","是","已教已练","hl-release-inventory;hl-upgrade-failed-rollback","card-helm-rollback-vs-uninstall;card-helm-rollback-bad-release","","已贯通"
"7","helm","Helm 包管理","hl-history","helm history","2","command","是","已教已练","hl-release-inventory;hl-upgrade-failed-rollback;hl-release-inventory-audit;hl-upgrade-install-idempotent","card-helm-list-all-namespaces;card-helm-rollback-vs-uninstall;card-helm-rollback-bad-release;card-helm-upgrade-install-idempotent","","已贯通"
"7","helm","Helm 包管理","hl-list","helm list","1","command","是","已教已练","hl-release-inventory;hl-template-before-install;hl-orphan-resources-not-in-helm;hl-release-inventory-audit;hl-upgrade-install-idempotent;hl-lint-before-release;hl-first-look","card-helm-list-all-namespaces;card-helm-vs-kubectl-view;card-helm-rollback-vs-uninstall","","已贯通"
"7","helm","Helm 包管理","hl-status","helm status","2","command","是","已教已练","hl-upgrade-failed-rollback","card-helm-list-all-namespaces;card-helm-get-values-effective;card-helm-vs-kubectl-view;card-helm-rollback-bad-release","","已贯通"
"7","helm","Helm 包管理","hl-get","helm get values / manifest / all","3","command","是","已教已练","hl-orphan-resources-not-in-helm;hl-release-inventory-audit","card-helm-show-values;card-helm-get-values-effective;card-helm-values-layering","","已贯通"
"7","helm","Helm 包管理","hl-template","helm template","2","command","是","已教已练","hl-template-before-install;hl-upgrade-diff-before-apply;hl-lint-before-release","card-helm-template-before-install;card-helm-lint-vs-template","","已贯通"
"7","helm","Helm 包管理","hl-lint","helm lint","2","command","是","已教已练","hl-lint-before-release","card-helm-template-before-install;card-helm-lint-vs-template","","已贯通"
"7","helm","Helm 包管理","hl-show","helm show values / chart / readme","1","command","是","已教已练","hl-lint-before-release;hl-first-look","card-helm-show-values;card-helm-template-before-install;card-helm-get-values-effective","","已贯通"
"7","helm","Helm 包管理","hl-package","helm package","2","command","是","有卡无课","","card-helm-lint-vs-template","","评估补课程步骤"
"7","helm","Helm 包管理","hl-pull","helm pull","2","command","是","有卡无课","","card-path-chart-source","","评估补课程步骤"
"7","helm","Helm 包管理","hl-dependency-update","helm dependency update / build","3","command","是","有卡无课","","card-gap-helm-dependency","","评估补课程步骤"
"7","helm","Helm 包管理","hl-push","helm push","3","command","是","有卡无课","","card-path-chart-source","","评估补课程步骤"
"7","helm","Helm 包管理","hl-chart-yaml","Chart.yaml 字段速查","2","recipe","否","有卡无课","","card-helm-values-layering","","评估补真实环境操作讲解"
"7","helm","Helm 包管理","hl-values-files","values.yaml 与多环境 values 文件","2","recipe","否","有卡无课","","card-helm-show-values;card-helm-get-values-effective;card-helm-values-layering","","评估补真实环境操作讲解"
"7","helm","Helm 包管理","hl-functions","Helm 模板函数速查","3","recipe","否","无课无卡","","","","按命令补强取舍逐条复核，不因首词可执行而直接补课"
"7","helm","Helm 包管理","hl-helpers","_helpers.tpl 与命名模板","3","recipe","否","有卡无课","","card-path-chart-reuse","","评估补真实环境操作讲解"
"7","helm","Helm 包管理","hl-create","helm create","1","command","是","已教已练","hl-chart-scaffold-check","card-path-chart-source","","已贯通"
"7","helm","Helm 包管理","hl-plugin","helm plugin / version / env","3","command","是","有课无卡","hl-release-inventory","","","评估补迁移/辨析卡"
"5","middleware","中间件","mw-nginx-test","nginx -t","1","command","是","已教已练","mw-nginx-test-reload;mw-nginx-bad-conf;mw-nginx-config-review;mw-service-first-check","card-mw-emerg-upstream-name;card-mw-unknown-directive-module;card-mw-too-many-open-files;card-mw-t-vs-uppercase-t;card-mw-reload-vs-restart;card-mw-quit-vs-stop","","已贯通"
"5","middleware","中间件","mw-nginx-signal","nginx -s","2","command","是","已教已练","mw-nginx-test-reload;mw-nginx-config-review;mw-service-first-check;cap-new-server-audit","card-mw-too-many-open-files;card-mw-reload-vs-restart;card-mw-quit-vs-stop;card-mon-logrotate-old-file-growing","","已贯通"
"5","middleware","中间件","mw-nginx-dump","nginx -T","2","command","是","已教已练","mw-nginx-test-reload;mw-nginx-config-review","card-mw-413-body-size;card-mw-t-vs-uppercase-t","cheat-nginx-upstream-down","已贯通"
"5","middleware","中间件","mw-nginx-version","nginx -V","2","command","是","已教已练","mw-nginx-test-reload;mw-nginx-config-review;mw-service-first-check","card-mw-unknown-directive-module","","已贯通"
"5","middleware","中间件","mw-nginx-location","location","3","command","否","有卡无课","","card-mw-proxy-pass-trailing-slash","","评估补真实环境操作讲解"
"5","middleware","中间件","mw-nginx-proxy-pass","proxy_pass","3","command","否","有卡无课","","card-mw-emerg-upstream-name;card-mw-upstream-keepalive-conditions;card-mw-proxy-pass-trailing-slash","","评估补真实环境操作讲解"
"5","middleware","中间件","mw-nginx-upstream","upstream","3","command","否","已教已练","mw-nginx-504-upstream-timeout","card-mw-emerg-upstream-name;card-mw-upstream-keepalive-conditions;card-mw-log-upstream-addr","","已贯通"
"5","middleware","中间件","mw-nginx-rewrite","rewrite","3","command","否","有卡无课","","card-mw-proxy-pass-trailing-slash","","评估补真实环境操作讲解"
"5","middleware","中间件","mw-nginx-log","log_format","3","command","否","已教已练","mw-nginx-504-upstream-timeout;cap-incident-chain","card-mw-413-body-size;card-mw-log-upstream-addr;card-nginx-502-vs-504","","已贯通"
"5","middleware","中间件","mw-nginx-502-504-499","Nginx 502 / 504 / 499 排查","3","recipe","否","已教已练","mw-nginx-504-upstream-timeout","card-nginx-502-vs-504","","已贯通"
"5","middleware","中间件","mw-nginx-limit","limit_req / limit_conn","3","command","否","有卡无课","","card-mw-too-many-open-files","","评估补真实环境操作讲解"
"5","middleware","中间件","mw-nginx-body-size","client_max_body_size","2","command","否","有卡无课","","card-mw-413-body-size","","评估补真实环境操作讲解"
"5","middleware","中间件","mw-tomcat-catalina","catalina.sh","2","command","否","有卡无课","","card-mw-catalina-run-vs-start","","评估补真实环境操作讲解"
"5","middleware","中间件","mw-tomcat-serverxml","conf/server.xml","3","command","否","有卡无课","","card-mw-tomcat-thread-vs-queue","","评估补真实环境操作讲解"
"5","middleware","中间件","mw-tomcat-context","conf/context.xml","3","command","否","有卡无课","","card-mw-tomcat-thread-vs-queue","","评估补真实环境操作讲解"
"5","middleware","中间件","mw-tomcat-log","catalina.out 与 AccessLogValve","2","recipe","否","有卡无课","","card-mw-catalina-run-vs-start","","评估补真实环境操作讲解"
"5","middleware","中间件","mw-haproxy-check","haproxy -c","2","command","是","已教已练","mw-haproxy-validate-before-reload","card-mw-haproxy-check-before-reload","","已贯通"
"5","middleware","中间件","mw-haproxy-config","haproxy.cfg","3","command","否","已教已练","mw-haproxy-validate-before-reload","card-mw-haproxy-check-before-reload","","已贯通"
"5","middleware","中间件","mw-haproxy-stats","stats socket","3","command","否","有卡无课","","card-mw-haproxy-check-before-reload","","评估补真实环境操作讲解"
"5","middleware","中间件","mw-keepalive-conf","keepalived.conf vrrp_instance","3","command","否","有卡无课","","card-mw-vip-which-node;card-mw-vrrp-no-advert","","评估补真实环境操作讲解"
"5","middleware","中间件","mw-keepalive-vip","ip addr show","2","command","是","有卡无课","","card-mw-vip-which-node","cheat-keepalived-split-brain","评估补课程步骤"
"5","middleware","中间件","mw-keepalive-tcpdump","tcpdump vrrp","3","command","是","有卡无课","","card-mw-vrrp-no-advert","","评估补课程步骤"
"5","middleware","中间件","mw-keepalive-troubleshoot","VIP 漂移失败排查","4","recipe","否","有卡无课","","card-mw-vip-which-node;card-mw-vrrp-no-advert","","评估补真实环境操作讲解"
"5","middleware","中间件","mw-etcd-health","etcdctl endpoint health","2","command","是","已教已练","mw-etcd-cluster-health","card-mw-etcd-quota-readonly;card-mw-etcd-member-not-started;card-mw-etcd-health-vs-status","cheat-etcd-space","已贯通"
"5","middleware","中间件","mw-etcd-status","etcdctl endpoint status","3","command","是","已教已练","mw-etcd-cluster-health","card-mw-etcd-quota-readonly;card-mw-etcd-health-vs-status;card-mw-etcd-snapshot-restore-datadir","cheat-etcd-space","已贯通"
"5","middleware","中间件","mw-etcd-member-list","etcdctl member list","2","command","是","已教已练","mw-etcd-cluster-health","card-mw-etcd-member-not-started","cheat-etcd-space","已贯通"
"5","middleware","中间件","mw-etcd-kv","etcdctl put / get / del","2","command","是","已教已练","mw-etcd-cluster-health","card-mw-etcd-snapshot-restore-datadir","","已贯通"
"5","middleware","中间件","mw-etcd-watch","etcdctl watch","3","command","是","有卡无课","","card-path-etcd-change-watch","","评估补课程步骤"
"5","middleware","中间件","mw-etcd-snapshot","etcdctl snapshot","4","command","是","有卡无课","","card-mw-etcd-quota-readonly;card-mw-etcd-snapshot-restore-datadir","","评估补课程步骤"
"5","middleware","中间件","mw-etcd-env","ETCDCTL_API","2","command","否","有卡无课","","card-mw-etcd-member-not-started","","评估补真实环境操作讲解"
"5","db-cache","数据库与缓存","db-mysql-client","mysql","1","command","是","已教已练","db-mysql-slow-query;db-mysql-replica-broken;db-mysql-params","card-db-max-connections-limit;card-db-wait-timeout-param","cheat-mysql-repl-lag;cheat-mysql-lock-wait;cheat-mysql-slow-sql","已贯通"
"5","db-cache","数据库与缓存","db-mysql-mysqladmin","mysqladmin","2","command","是","有卡无课","","card-db-max-connections-limit","","评估补课程步骤"
"5","db-cache","数据库与缓存","db-mysql-connect-timeout","连接超时与连接数","3","recipe","否","已教已练","db-conn-pool-exhausted","card-db-processlist-full-vs-plain;card-db-max-connections-limit;card-db-wait-timeout-param","","已贯通"
"5","db-cache","数据库与缓存","db-mysql-mysqldump","mysqldump","2","command","是","有卡无课","","card-db-mysqldump-single-transaction","","评估补课程步骤"
"5","db-cache","数据库与缓存","db-mysql-restore","mysql 恢复","2","recipe","是","有卡无课","","card-db-mysqldump-single-transaction","","评估补课程步骤"
"5","db-cache","数据库与缓存","db-mysql-xtrabackup","xtrabackup","3","command","是","有卡无课","","card-db-mysqldump-single-transaction","","评估补课程步骤"
"5","db-cache","数据库与缓存","db-mysql-mydumper","mydumper / myloader","3","command","是","有卡无课","","card-path-backup-restore","","评估补课程步骤"
"5","db-cache","数据库与缓存","db-mysql-processlist","SHOW PROCESSLIST","2","command","否","已教已练","db-conn-pool-exhausted;db-metadata-lock-wait;cap-incident-chain","card-db-processlist-full-vs-plain;card-db-processlist-sort-by-time","","已贯通"
"5","db-cache","数据库与缓存","db-mysql-innodb-status","SHOW ENGINE INNODB STATUS","3","command","否","已教已练","db-metadata-lock-wait","card-db-processlist-sort-by-time","","已贯通"
"5","db-cache","数据库与缓存","db-mysql-explain","EXPLAIN / EXPLAIN ANALYZE","2","command","否","有卡无课","","card-db-slowlog-empty-not-no-slow","","评估补真实环境操作讲解"
"5","db-cache","数据库与缓存","db-mysql-slowlog","慢查询日志 / mysqldumpslow","2","recipe","否","已教已练","db-slow-query-triage;cap-incident-chain","card-db-slowlog-empty-not-no-slow;card-db-table-size-evidence","","已贯通"
"5","db-cache","数据库与缓存","db-mysql-pt-query-digest","pt-query-digest","3","command","是","有卡无课","","card-db-slowlog-empty-not-no-slow","","评估补课程步骤"
"5","db-cache","数据库与缓存","db-mysql-create-user","CREATE USER","2","command","否","有卡无课","","card-gap-mysql-user-grant","","评估补真实环境操作讲解"
"5","db-cache","数据库与缓存","db-mysql-grant","GRANT / REVOKE","2","command","否","有卡无课","","card-gap-mysql-user-grant","","评估补真实环境操作讲解"
"5","db-cache","数据库与缓存","db-mysql-show-grants","SHOW GRANTS","1","command","否","有卡无课","","card-gap-mysql-user-grant","","评估补真实环境操作讲解"
"5","db-cache","数据库与缓存","db-mysql-change-replication-source","CHANGE REPLICATION SOURCE TO","3","command","否","无课无卡","","","","按命令补强取舍逐条复核，不因首词可执行而直接补课"
"5","db-cache","数据库与缓存","db-mysql-show-replica-status","SHOW REPLICA STATUS","3","command","否","已教已练","db-replica-sql-thread-stopped","card-mysql-repl-lag","","已贯通"
"5","db-cache","数据库与缓存","db-mysql-replication-lag","主从延迟与断链排查","4","recipe","否","已教已练","db-replica-sql-thread-stopped","card-mysql-repl-lag","","已贯通"
"5","db-cache","数据库与缓存","db-mysql-information-schema","SHOW INDEX / information_schema","3","command","否","有卡无课","","card-db-table-size-evidence","","评估补真实环境操作讲解"
"5","db-cache","数据库与缓存","db-mysql-optimize-table","OPTIMIZE TABLE / ALTER TABLE","3","command","否","有卡无课","","card-db-table-size-evidence","","评估补真实环境操作讲解"
"5","db-cache","数据库与缓存","db-redis-cli","redis-cli","1","command","是","已教已练","db-redis-bigkeys;db-redis-keys-vs-scan","card-db-redis-select-vs-n","cheat-redis-bigkey-oom","已贯通"
"5","db-cache","数据库与缓存","db-redis-db-select","SELECT / -n 选库","1","recipe","否","有卡无课","","card-db-redis-select-vs-n","","评估补真实环境操作讲解"
"5","db-cache","数据库与缓存","db-redis-scan","SCAN / --scan","2","command","否","有卡无课","","card-db-redis-ttl-minus-one-vs-minus-two;card-mysql-keys-vs-scan","","评估补真实环境操作讲解"
"5","db-cache","数据库与缓存","db-redis-info","INFO","2","command","否","有卡无课","","card-db-redis-maxmemory-zero;card-db-redis-dbsize-vs-keyspace;card-db-redis-save-config-vs-persistence;card-db-redis-hit-rate-section;card-db-redis-save-vs-bgsave;card-db-redis-config-get-glob;card-db-redis-maxmemory-policy-volatile","","评估补真实环境操作讲解"
"5","db-cache","数据库与缓存","db-redis-dbsize","DBSIZE","1","command","否","有卡无课","","card-db-redis-bigkey-exact-memory;card-db-redis-dbsize-vs-keyspace","","评估补真实环境操作讲解"
"5","db-cache","数据库与缓存","db-redis-type","TYPE / OBJECT ENCODING","1","command","否","有卡无课","","card-db-redis-bigkeys-vs-hotkeys","","评估补真实环境操作讲解"
"5","db-cache","数据库与缓存","db-redis-ttl","TTL / EXPIRE","1","command","否","有卡无课","","card-db-redis-ttl-minus-one-vs-minus-two;card-db-redis-maxmemory-policy-volatile","","评估补真实环境操作讲解"
"5","db-cache","数据库与缓存","db-redis-memory-usage","MEMORY USAGE","2","command","否","已教已练","db-redis-slow-and-bigkey","card-db-redis-maxmemory-zero;card-db-redis-bigkey-exact-memory","","已贯通"
"5","db-cache","数据库与缓存","db-redis-client-list","CLIENT LIST","2","command","否","有课无卡","db-redis-slow-and-bigkey","","","评估补迁移/辨析卡"
"5","db-cache","数据库与缓存","db-redis-slowlog","SLOWLOG GET","2","command","否","已教已练","db-redis-slow-and-bigkey","card-db-redis-monitor-timeboxed","","已贯通"
"5","db-cache","数据库与缓存","db-redis-monitor","MONITOR","3","command","否","有卡无课","","card-db-redis-save-vs-bgsave;card-db-redis-monitor-timeboxed","","评估补真实环境操作讲解"
"5","db-cache","数据库与缓存","db-redis-bigkeys","大 key 与热 key 排查","3","recipe","否","已教已练","db-redis-slow-and-bigkey","card-db-redis-bigkey-exact-memory;card-db-redis-bigkeys-vs-hotkeys;card-db-redis-monitor-timeboxed","","已贯通"
"5","db-cache","数据库与缓存","db-redis-ops","Redis 运维命令速查","3","recipe","否","有卡无课","","card-db-redis-maxmemory-zero;card-db-redis-save-config-vs-persistence;card-db-redis-bigkeys-vs-hotkeys;card-db-redis-hit-rate-section;card-db-redis-save-vs-bgsave;card-db-redis-config-get-glob;card-db-redis-maxmemory-policy-volatile;card-mysql-keys-vs-scan","","评估补真实环境操作讲解"
"5","db-cache","数据库与缓存","db-pg-psql","psql","1","command","是","有卡无课","","card-db-pg-wait-event-diagnosis;card-db-pg-connection-occupancy","","评估补课程步骤"
"5","db-cache","数据库与缓存","db-pg-meta","psql 元命令（\d / \l / \dt）","1","recipe","是","有卡无课","","card-db-pg-wait-event-diagnosis;card-db-pg-vacuum-vs-full","","评估补课程步骤"
"5","db-cache","数据库与缓存","db-pg-dump","pg_dump / pg_restore","2","command","是","有卡无课","","card-path-backup-restore","","评估补课程步骤"
"5","db-cache","数据库与缓存","db-pg-explain","EXPLAIN ANALYZE","2","command","否","有卡无课","","card-db-pg-explain-analyze-buffers","","评估补真实环境操作讲解"
"5","db-cache","数据库与缓存","db-pg-stat-activity","pg_stat_activity","3","command","否","有卡无课","","card-db-pg-wait-event-diagnosis;card-db-pg-explain-analyze-buffers;card-db-pg-connection-occupancy;card-db-pg-vacuum-vs-full","","评估补真实环境操作讲解"
"5","db-cache","数据库与缓存","db-mongo-shell","mongosh","1","command","是","有卡无课","","card-db-mongo-stats-three-sizes","","评估补课程步骤"
"5","db-cache","数据库与缓存","db-mongo-stats","db.stats() / db.collection.stats()","2","command","否","有卡无课","","card-db-mongo-stats-three-sizes;card-db-mongo-explain-collscan","","评估补真实环境操作讲解"
"5","db-cache","数据库与缓存","db-mongo-find","find() / explain()","2","command","否","有卡无课","","card-db-mongo-stats-three-sizes;card-db-mongo-explain-collscan","","评估补真实环境操作讲解"
"5","db-cache","数据库与缓存","db-mongo-dump","mongodump / mongorestore","2","command","是","有卡无课","","card-path-backup-restore","","评估补课程步骤"
"5","db-cache","数据库与缓存","db-kafka-topics-list","kafka-topics.sh --list","1","command","是","已教已练","db-kafka-consumer-lag","card-db-kafka-partition-skew","","已贯通"
"5","db-cache","数据库与缓存","db-kafka-topics-describe","kafka-topics.sh --describe","2","command","是","已教已练","db-kafka-consumer-lag","card-db-kafka-consumer-lag;card-db-kafka-partition-skew","","已贯通"
"5","db-cache","数据库与缓存","db-kafka-topics-create","kafka-topics.sh --create","2","command","是","有卡无课","","card-db-kafka-partition-skew","","评估补课程步骤"
"5","db-cache","数据库与缓存","db-kafka-console-producer","kafka-console-producer.sh","2","command","是","无课无卡","","","","按命令补强取舍逐条复核，不因首词可执行而直接补课"
"5","db-cache","数据库与缓存","db-kafka-console-consumer","kafka-console-consumer.sh","2","command","是","有卡无课","","card-db-kafka-consumer-lag","","评估补课程步骤"
"5","db-cache","数据库与缓存","db-kafka-consumer-groups","kafka-consumer-groups.sh --describe","3","command","是","已教已练","db-kafka-consumer-lag","card-db-kafka-consumer-lag","","已贯通"
"5","db-cache","数据库与缓存","db-rabbit-status","rabbitmqctl status","1","command","是","有卡无课","","card-db-rabbit-ready-vs-unacked","","评估补课程步骤"
"5","db-cache","数据库与缓存","db-rabbit-list-queues","rabbitmqctl list_queues","2","command","是","有卡无课","","card-db-rabbit-ready-vs-unacked","","评估补课程步骤"
"5","db-cache","数据库与缓存","db-rabbit-plugins","rabbitmq-plugins enable","1","command","是","无课无卡","","","","按命令补强取舍逐条复核，不因首词可执行而直接补课"
"5","db-cache","数据库与缓存","db-rabbit-connections","rabbitmqctl list_connections / list_channels","2","command","是","有卡无课","","card-db-rabbit-ready-vs-unacked","","评估补课程步骤"
"5","db-cache","数据库与缓存","db-rocket-cluster","mqadmin clusterList","2","command","是","有卡无课","","card-path-rocketmq-lag","","评估补课程步骤"
"5","db-cache","数据库与缓存","db-rocket-topic","mqadmin topicList / topicStatus","2","command","是","有卡无课","","card-path-rocketmq-lag","","评估补课程步骤"
"5","db-cache","数据库与缓存","db-rocket-consumer-progress","mqadmin consumerProgress","3","command","是","有卡无课","","card-path-rocketmq-lag","","评估补课程步骤"
"5","db-cache","数据库与缓存","db-mysqldumpslow","mysqldumpslow","2","command","是","有卡无课","","card-path-slow-query-summary","cheat-mysql-slow-sql","评估补课程步骤"
"9","monitor","监控与日志","mo-top","top","1","command","是","已教已练","mon-load-vs-cores;mon-free-vs-available;cap-new-server-audit;cap-incident-chain;perf-capacity-baseline","card-mon-sar-history-after-incident;card-mon-ps-sort-cpu-top3","cheat-cpu;cheat-mysql-repl-lag;cheat-java-thread-cpu","已贯通"
"9","monitor","监控与日志","mo-htop","htop","1","command","是","有卡无课","","card-path-resource-hotspot","","评估补课程步骤"
"9","monitor","监控与日志","mo-ps","ps aux / ps -ef","1","command","是","已教已练","perf-capacity-baseline","card-perf-single-thread-ceiling;card-perf-ps-sort-desc;card-mon-ps-sort-cpu-top3","cheat-cpu;cheat-mem;cheat-load;cheat-disk-io-bottleneck","已贯通"
"9","monitor","监控与日志","mo-pgrep","pgrep / pkill","2","command","是","已教已练","mon-process-vanished","card-mon-ps-sort-cpu-top3","","已贯通"
"9","monitor","监控与日志","mo-free","free -h","1","command","是","已教已练","mon-io-bottleneck;mon-free-vs-available;perf-capacity-baseline","card-free-vs-available","cheat-mem","已贯通"
"9","monitor","监控与日志","mo-vmstat","vmstat","2","command","是","已教已练","mon-io-bottleneck","card-perf-iostat-util-await;card-perf-vmstat-first-row;card-perf-vmstat-interval-count;card-mon-iostat-util-vs-await;card-lu-uptime-load;card-ls9-iostat-which-disk;card-load-vs-cpu","cheat-load;cheat-disk-io-bottleneck","已贯通"
"9","monitor","监控与日志","mo-uptime","uptime / load average","2","command","是","已教已练","mon-load-vs-cores","card-perf-single-thread-ceiling;card-lu-uptime-load;card-load-vs-cpu","","已贯通"
"9","monitor","监控与日志","mo-nproc","nproc","1","command","是","有课无卡","mon-load-vs-cores;perf-capacity-baseline","","","评估补迁移/辨析卡"
"9","monitor","监控与日志","mo-iostat","iostat -x","2","command","是","已教已练","mon-io-bottleneck","card-perf-iostat-util-await;card-perf-vmstat-first-row;card-mon-iostat-util-vs-await;card-load-vs-cpu","cheat-load;cheat-mysql-repl-lag;cheat-disk-io-bottleneck","已贯通"
"9","monitor","监控与日志","mo-sar","sar","3","command","是","已教已练","mon-look-back-yesterday","card-mon-sar-history-after-incident","","已贯通"
"9","monitor","监控与日志","mo-pidstat","pidstat","3","command","是","已教已练","mon-find-the-noisy-process","card-mon-ps-sort-cpu-top3","cheat-cpu;cheat-java-thread-cpu;cheat-disk-io-bottleneck","已贯通"
"9","monitor","监控与日志","mo-iotop","iotop -o","2","command","是","有卡无课","","card-path-resource-hotspot","","评估补课程步骤"
"9","monitor","监控与日志","mo-lsof","lsof","2","command","是","已教已练","lsof-deleted","card-mon-truncate-busy-log","cheat-disk-full;cheat-too-many-files;cheat-log-fill-disk;cheat-disk-io-bottleneck","已贯通"
"9","monitor","监控与日志","mo-strace","strace -p","4","command","是","已教已练","mon-strace-stuck-process","card-chain-strace-wait","","已贯通"
"9","monitor","监控与日志","mo-dmesg","dmesg -T","2","command","是","已教已练","mon-process-vanished","card-mon-oomkilled-exit-137","cheat-mem;cheat-load;cheat-nginx-upstream-down;cheat-disk-io-bottleneck","已贯通"
"9","monitor","监控与日志","mo-proc","/proc 关键文件速查","3","recipe","否","有卡无课","","card-gap-proc-live","","评估补真实环境操作讲解"
"9","monitor","监控与日志","mo-perf","perf top / 火焰图","4","recipe","是","已教已练","mon-cpu-hotspot-flame","card-chain-cpu-hotspot","","已贯通"
"9","monitor","监控与日志","mo-log-journalctl","journalctl","1","command","是","有卡无课","","card-mon-journalctl-priority-vs-unit;card-mon-lts-cross-host-search;card-mon-journalctl-since","","评估补课程步骤"
"9","monitor","监控与日志","mo-log-journald-conf","journald.conf 持久化配置","3","recipe","否","有卡无课","","card-mon-journald-maxuse","","评估补真实环境操作讲解"
"9","monitor","监控与日志","mo-log-var-log","/var/log 目录体系速查","2","recipe","否","有卡无课","","card-mon-journalctl-priority-vs-unit;card-mon-logrotate-old-file-growing;card-mon-journald-maxuse;card-mon-count-error-first","","评估补真实环境操作讲解"
"9","monitor","监控与日志","mo-log-logrotate","logrotate","3","command","是","已教已练","mon-logrotate-disk-full","card-mon-truncate-busy-log;card-mon-logrotate-old-file-growing;card-mon-journald-maxuse","cheat-log-fill-disk","已贯通"
"9","monitor","监控与日志","mo-log-rsyslog","rsyslog 规则","3","recipe","否","无课无卡","","","","按命令补强取舍逐条复核，不因首词可执行而直接补课"
"9","monitor","监控与日志","mo-log-tail","tail -f 多文件","1","recipe","是","有卡无课","","card-mon-journalctl-priority-vs-unit;card-mon-lts-cross-host-search;card-mon-count-error-first;card-mon-journalctl-since;card-lb-tail-f-follow","","评估补课程步骤"
"9","monitor","监控与日志","mo-log-multitail","multitail / lnav","3","command","是","有卡无课","","card-path-log-and-agent","","评估补课程步骤"
"9","monitor","监控与日志","mo-log-disk-full","日志占满磁盘应急处理","3","recipe","否","有卡无课","","card-mon-truncate-busy-log;card-mon-journald-maxuse","","评估补真实环境操作讲解"
"9","monitor","监控与日志","mo-promtool-check","promtool check config","3","command","是","已教已练","mon-promtool-validate","card-mon-promtool-check-vs-query","","已贯通"
"9","monitor","监控与日志","mo-promtool-query","promtool query instant","3","command","是","有卡无课","","card-mon-promtool-check-vs-query;card-mon-promql-rate-window","","评估补课程步骤"
"9","monitor","监控与日志","mo-promql","PromQL 常用查询","3","recipe","否","有卡无课","","card-mon-promtool-check-vs-query;card-mon-ces-metric-query;card-mon-metric-then-log;card-mon-promql-rate-window","","评估补真实环境操作讲解"
"9","monitor","监控与日志","mo-node-exporter","node_exporter","2","command","否","有卡无课","","card-mon-promql-rate-window","","评估补真实环境操作讲解"
"9","monitor","监控与日志","mo-grafana-api","Grafana API 导入看板","3","recipe","否","无课无卡","","","","按命令补强取舍逐条复核，不因首词可执行而直接补课"
"9","monitor","监控与日志","mo-amtool","amtool 告警管理","3","recipe","是","已教已练","mon-alert-silence","card-chain-alert-silence","","已贯通"
"9","monitor","监控与日志","mo-zabbix-get","zabbix_get","3","command","是","有卡无课","","card-mon-ces-metric-query","","评估补课程步骤"
"9","monitor","监控与日志","mo-zabbix-agentd","zabbix_agentd -t","3","command","是","有卡无课","","card-path-log-and-agent","","评估补课程步骤"
"9","monitor","监控与日志","mo-hcloud-ces","hcloud CES ShowMetricData","4","command","是","有卡无课","","card-mon-sar-history-after-incident;card-mon-ces-metric-query;card-mon-metric-then-log","","评估补课程步骤"
"9","monitor","监控与日志","mo-hcloud-lts","hcloud LTS ListLogs","4","command","是","有卡无课","","card-mon-lts-cross-host-search;card-mon-metric-then-log","","评估补课程步骤"
"9","monitor","监控与日志","mo-jvm-jps","jps -lvm","1","command","是","有卡无课","","card-mon-jstat-vs-jmap-jstack","cheat-java-thread-cpu","评估补课程步骤"
"9","monitor","监控与日志","mo-jvm-jstat","jstat -gcutil","3","command","是","已教已练","mon-jvm-gc-pause","card-mon-jstat-vs-jmap-jstack","","已贯通"
"9","monitor","监控与日志","mo-jvm-jmap","jmap -heap / -dump","4","command","是","已教已练","mon-java-heap-where","card-mon-jstat-vs-jmap-jstack","","已贯通"
"9","monitor","监控与日志","mo-jvm-jstack","jstack","3","command","是","已教已练","mon-java-thread-stuck","card-mon-jstat-vs-jmap-jstack","cheat-java-thread-cpu","已贯通"
"9","monitor","监控与日志","mo-jvm-jinfo","jinfo -flags","3","command","是","有卡无课","","card-path-jvm-memory-map","","评估补课程步骤"
"9","monitor","监控与日志","mo-jvm-arthas","arthas","4","command","否","无课无卡","","","","按命令补强取舍逐条复核，不因首词可执行而直接补课"
"9","monitor","监控与日志","mo-pmap","pmap","3","command","否","有卡无课","","card-path-jvm-memory-map","cheat-mem","评估补真实环境操作讲解"
"8","cloud-cli","华为云 CLI","hw-hcloud-config-init","hcloud configure init","1","command","是","有卡无课","","card-hw-config-list-before-init","","评估补课程步骤"
"8","cloud-cli","华为云 CLI","hw-hcloud-config-set","hcloud configure set","2","command","是","有卡无课","","card-hw-obsutil-endpoint-not-region","","评估补课程步骤"
"8","cloud-cli","华为云 CLI","hw-hcloud-config-list","hcloud configure list","1","command","是","已教已练","hw-cli-profile","card-hw-config-list-before-init;card-hw-region-vs-endpoint-cross;card-hcloud-region-mismatch","","已贯通"
"8","cloud-cli","华为云 CLI","hw-hcloud-help","hcloud --help（服务与操作自省）","1","recipe","是","有卡无课","","card-hw-nova-vs-ecs-new-api","","评估补课程步骤"
"8","cloud-cli","华为云 CLI","hw-hcloud-output","hcloud --cli-output / --cli-query / --cli-jsonInput","2","command","是","有卡无课","","card-hw-cli-query-changes-shape","","评估补课程步骤"
"8","cloud-cli","华为云 CLI","hw-ecs-list","hcloud ECS ListServersDetails","1","command","是","已教已练","hw-cli-profile;hw-ecs-inventory;hw-sg-3306","card-hw-ecs-addresses-fixed-floating;card-hw-ecs-count-vs-array-len;card-hw-eip-associates-port-not-server;card-hw-nova-vs-ecs-new-api;card-hcloud-region-mismatch","cheat-huawei-ecs-unreachable","已贯通"
"8","cloud-cli","华为云 CLI","hw-ecs-show","hcloud ECS NovaShowServer","2","command","是","有卡无课","","card-hw-batch-power-soft-vs-hard;card-hw-nova-vs-ecs-new-api;card-hw-batch-accepted-not-done","","评估补课程步骤"
"8","cloud-cli","华为云 CLI","hw-ecs-create","hcloud ECS CreatePostPaidServers","2","command","是","无课无卡","","","","按命令补强取舍逐条复核，不因首词可执行而直接补课"
"8","cloud-cli","华为云 CLI","hw-ecs-batch-power","hcloud ECS BatchStartServers / BatchStopServers / BatchRebootServers","2","command","是","有卡无课","","card-hw-batch-power-soft-vs-hard;card-hw-batch-accepted-not-done","","评估补课程步骤"
"8","cloud-cli","华为云 CLI","hw-ecs-update-resize","hcloud ECS UpdateServer / ResizePostPaidServer","3","command","是","无课无卡","","","","按命令补强取舍逐条复核，不因首词可执行而直接补课"
"8","cloud-cli","华为云 CLI","hw-ecs-delete","hcloud ECS DeleteServers","3","command","是","有卡无课","","card-hw-delete-server-keep-disk","","评估补课程步骤"
"8","cloud-cli","华为云 CLI","hw-ecs-az-flavor","hcloud ECS NovaListAvailabilityZones / ListFlavors","2","command","是","有卡无课","","card-path-cloud-readonly-inventory","","评估补课程步骤"
"8","cloud-cli","华为云 CLI","hw-ecs-eip-bind","hcloud EIP UpdatePublicip（绑定/解绑弹性公网 IP）","2","recipe","是","已教已练","hw-eip-idle-billing","card-hw-ecs-addresses-fixed-floating;card-hw-eip-associates-port-not-server","","已贯通"
"8","cloud-cli","华为云 CLI","hw-ecs-keypair-group","hcloud ECS NovaCreateKeypair / NovaCreateServerGroup","3","command","是","无课无卡","","","","按命令补强取舍逐条复核，不因首词可执行而直接补课"
"8","cloud-cli","华为云 CLI","hw-obs-bucket","hcloud OBS CreateBucket / ListBuckets","2","command","是","有卡无课","","card-hw-obs-403-aksk-vs-anonymous;card-hw-obs-two-cli-dialects;card-sec-obs-bucket-public-read","","评估补课程步骤"
"8","cloud-cli","华为云 CLI","hw-obs-put-object","hcloud OBS PutObject","3","command","是","无课无卡","","","","按命令补强取舍逐条复核，不因首词可执行而直接补课"
"8","cloud-cli","华为云 CLI","hw-obs-get-delete-object","hcloud OBS GetObject / DeleteObject","3","command","是","有卡无课","","card-hw-obsutil-rm-prefix-boundary","","评估补课程步骤"
"8","cloud-cli","华为云 CLI","hw-obs-vs-obsutil","hcloud OBS 与 obsutil 的差异（不要混用）","2","recipe","是","有卡无课","","card-hw-obs-two-cli-dialects;card-hw-obsutil-endpoint-not-region","","评估补课程步骤"
"8","cloud-cli","华为云 CLI","hw-vpc-list","hcloud VPC ListVpcs / ListSubnets","1","command","是","有卡无课","","card-path-cloud-readonly-inventory","","评估补课程步骤"
"8","cloud-cli","华为云 CLI","hw-vpc-create","hcloud VPC CreateVpc / CreateSubnet","2","command","是","无课无卡","","","","按命令补强取舍逐条复核，不因首词可执行而直接补课"
"8","cloud-cli","华为云 CLI","hw-vpc-sg-list","hcloud VPC ListSecurityGroups / ListSecurityGroupRules","1","command","是","已教已练","hw-sg-3306","card-hw-sg-union-and-default-deny;card-hw-sg-3306","","已贯通"
"8","cloud-cli","华为云 CLI","hw-vpc-sg-rule","hcloud VPC CreateSecurityGroupRule / DeleteSecurityGroupRule","2","command","是","有卡无课","","card-hw-sg-union-and-default-deny;card-sec-sg-source-group-not-cidr","","评估补课程步骤"
"8","cloud-cli","华为云 CLI","hw-vpc-troubleshoot-port","云上""端口不通""完整排查链路","3","recipe","否","有卡无课","","card-hw-sg-union-and-default-deny;card-hw-sg-3306","","评估补真实环境操作讲解"
"8","cloud-cli","华为云 CLI","hw-evs-list","hcloud EVS ListVolumes","1","command","是","已教已练","hw-evs-unattached","card-hw-delete-server-keep-disk;card-hw-evs-resize-two-halves","","已贯通"
"8","cloud-cli","华为云 CLI","hw-evs-create","hcloud EVS CreateVolume","2","command","是","无课无卡","","","","按命令补强取舍逐条复核，不因首词可执行而直接补课"
"8","cloud-cli","华为云 CLI","hw-evs-attach-detach","hcloud EVS AttachVolume / DetachVolume","2","command","是","有卡无课","","card-hw-evs-resize-two-halves","","评估补课程步骤"
"8","cloud-cli","华为云 CLI","hw-evs-resize-growpart","hcloud EVS ResizeVolume + growpart（云盘扩容）","3","recipe","是","有卡无课","","card-hw-evs-resize-two-halves","","评估补课程步骤"
"8","cloud-cli","华为云 CLI","hw-elb-list","hcloud ELB ListLoadBalancers/v3","2","command","是","已教已练","hw-elb-backend-down","card-chain-elb-backend","","已贯通"
"8","cloud-cli","华为云 CLI","hw-elb-create-listener","hcloud ELB CreateLoadBalancer / CreateListener","3","command","是","无课无卡","","","","按命令补强取舍逐条复核，不因首词可执行而直接补课"
"8","cloud-cli","华为云 CLI","hw-elb-health-check","hcloud ELB CreateHealthMonitor/v3（健康检查）","3","recipe","是","已教已练","hw-elb-backend-down","card-chain-elb-backend","","已贯通"
"8","cloud-cli","华为云 CLI","hw-rds-list","hcloud RDS ListInstances","1","command","是","已教已练","hw-rds-backup-audit","card-chain-rds-backup","","已贯通"
"8","cloud-cli","华为云 CLI","hw-rds-create","hcloud RDS CreateInstance","3","command","是","无课无卡","","","","按命令补强取舍逐条复核，不因首词可执行而直接补课"
"8","cloud-cli","华为云 CLI","hw-rds-power-backup","hcloud RDS StartInstance / StopInstance / ShowBackupPolicy","2","command","是","已教已练","hw-rds-backup-audit","card-chain-rds-backup","","已贯通"
"8","cloud-cli","华为云 CLI","hw-ims-list-images","hcloud IMS ListImages","1","command","是","有卡无课","","card-path-cloud-readonly-inventory","","评估补课程步骤"
"8","cloud-cli","华为云 CLI","hw-iam-user","hcloud IAM CreateUser / ListUsers","2","command","是","已教已练","hw-iam-ak-audit","card-hw-aksk-leak-first-action","","已贯通"
"8","cloud-cli","华为云 CLI","hw-iam-agency","hcloud IAM CreateAgency（委托）","3","recipe","是","已教已练","hw-iam-ak-audit","card-hw-aksk-leak-first-action","","已贯通"
"8","cloud-cli","华为云 CLI","hw-iam-aksk-leak","AK/SK 泄露应急响应（查密钥 → 停用 → 新建 → 改配置）","3","recipe","否","已教已练","hw-iam-ak-audit","card-hw-aksk-leak-first-action","","已贯通"
"8","cloud-cli","华为云 CLI","hw-ces-list-metrics","hcloud CES ListMetrics","2","command","是","已教已练","hw-ces-metric-first","card-hw-ces-dim-format","","已贯通"
"8","cloud-cli","华为云 CLI","hw-ces-show-metric-data","hcloud CES ShowMetricData","3","command","是","已教已练","hw-ces-metric-first","card-hw-ces-dim-format","","已贯通"
"8","cloud-cli","华为云 CLI","hw-cce-list-clusters","hcloud CCE ListClusters","2","command","是","有卡无课","","card-hw-cce-is-standard-k8s","","评估补课程步骤"
"8","cloud-cli","华为云 CLI","hw-cce-kubeconfig","CCE kubeconfig 获取与使用（CCE 与标准 K8s 的关系）","2","recipe","否","有卡无课","","card-hw-cce-is-standard-k8s","","评估补真实环境操作讲解"
"8","cloud-cli","华为云 CLI","hw-obsutil-config","obsutil config","1","command","是","有卡无课","","card-hw-obs-two-cli-dialects;card-hw-obsutil-endpoint-not-region;card-hw-region-vs-endpoint-cross","","评估补课程步骤"
"8","cloud-cli","华为云 CLI","hw-obsutil-ls","obsutil ls","1","command","是","已教已练","hw-obs-publish;hw-obs-publish-dryrun","card-hw-ecs-count-vs-array-len;card-hw-obsutil-rm-prefix-boundary","","已贯通"
"8","cloud-cli","华为云 CLI","hw-obsutil-mb","obsutil mb","1","command","是","无课无卡","","","","按命令补强取舍逐条复核，不因首词可执行而直接补课"
"8","cloud-cli","华为云 CLI","hw-obsutil-cp","obsutil cp","2","command","是","有卡无课","","card-hw-obsutil-cp-recursive-flag","","评估补课程步骤"
"8","cloud-cli","华为云 CLI","hw-obsutil-sync","obsutil sync","2","command","是","已教已练","hw-obs-publish","card-hw-obsutil-cp-recursive-flag;card-hw-obsutil-dryrun-casing","","已贯通"
"8","cloud-cli","华为云 CLI","hw-obsutil-rm","obsutil rm","2","command","是","有卡无课","","card-hw-obsutil-rm-prefix-boundary","","评估补课程步骤"
"8","cloud-cli","华为云 CLI","hw-obsutil-stat-chattri","obsutil stat / chattri（查看与修改对象属性）","2","recipe","是","有卡无课","","card-hw-obs-403-aksk-vs-anonymous","","评估补课程步骤"
"8","cloud-cli","华为云 CLI","hw-obsutil-sign","obsutil sign（生成临时下载链接）","2","recipe","是","无课无卡","","","","按命令补强取舍逐条复核，不因首词可执行而直接补课"
"8","cloud-cli","华为云 CLI","hw-obsutil-restore-resume","obsutil restore 与断点续传/分片参数（-j / -p / -cpd / -threshold）","3","recipe","是","无课无卡","","","","按命令补强取舍逐条复核，不因首词可执行而直接补课"
"8","cloud-cli","华为云 CLI","hw-obsutil-help","obsutil help","1","command","是","有卡无课","","card-path-cloud-init-credential","","评估补课程步骤"
"8","cloud-cli","华为云 CLI","hw-flow-ssh-inventory","实战：批量查 ECS 并生成 SSH 登录清单","2","recipe","否","有卡无课","","card-hw-ecs-addresses-fixed-floating;card-hw-cli-query-changes-shape","","评估补真实环境操作讲解"
"8","cloud-cli","华为云 CLI","hw-flow-obs-static-site","实战：前端项目发布到 OBS 静态托管","2","recipe","否","有卡无课","","card-hw-obsutil-dryrun-casing;card-hw-obs-403-aksk-vs-anonymous;card-sec-obs-bucket-public-read","","评估补真实环境操作讲解"
"8","cloud-cli","华为云 CLI","hw-flow-cloud-init","实战：云主机初始化（cloud-init 用户数据）","3","recipe","否","有卡无课","","card-path-cloud-init-credential","","评估补真实环境操作讲解"
"8","cloud-cli","华为云 CLI","hw-flow-cost-idle","实战：成本排查（未挂载云盘与闲置 EIP）","3","recipe","否","有卡无课","","card-hw-batch-power-soft-vs-hard;card-hw-delete-server-keep-disk;card-hw-eip-associates-port-not-server","","评估补真实环境操作讲解"
"8","cloud-cli","华为云 CLI","hw-aws-configure","aws configure","1","command","否","无课无卡","","","","按命令补强取舍逐条复核，不因首词可执行而直接补课"
"8","cloud-cli","华为云 CLI","hw-aws-sts-identity","aws sts get-caller-identity","1","command","否","无课无卡","","","","按命令补强取舍逐条复核，不因首词可执行而直接补课"
"8","cloud-cli","华为云 CLI","hw-aws-ec2-describe","aws ec2 describe-instances","2","command","否","无课无卡","","","","按命令补强取舍逐条复核，不因首词可执行而直接补课"
"8","cloud-cli","华为云 CLI","hw-aws-ec2-power","aws ec2 start-instances / stop-instances","2","command","否","无课无卡","","","","按命令补强取舍逐条复核，不因首词可执行而直接补课"
"8","cloud-cli","华为云 CLI","hw-aws-s3-sync","aws s3 sync","2","command","否","无课无卡","","","","按命令补强取舍逐条复核，不因首词可执行而直接补课"
"8","cloud-cli","华为云 CLI","hw-aws-s3-presign","aws s3 presign","2","command","否","无课无卡","","","","按命令补强取舍逐条复核，不因首词可执行而直接补课"
"8","cloud-cli","华为云 CLI","hw-aws-eks-ecr","aws eks update-kubeconfig / ecr get-login-password","3","command","否","无课无卡","","","","按命令补强取舍逐条复核，不因首词可执行而直接补课"
"8","cloud-cli","华为云 CLI","hw-az-login","az login","1","command","否","无课无卡","","","","按命令补强取舍逐条复核，不因首词可执行而直接补课"
"8","cloud-cli","华为云 CLI","hw-az-account-list","az account list / az account set","1","command","否","无课无卡","","","","按命令补强取舍逐条复核，不因首词可执行而直接补课"
"8","cloud-cli","华为云 CLI","hw-az-vm","az vm list / az vm create","2","command","否","无课无卡","","","","按命令补强取舍逐条复核，不因首词可执行而直接补课"
"8","cloud-cli","华为云 CLI","hw-az-storage-blob-upload","az storage blob upload","2","command","否","无课无卡","","","","按命令补强取舍逐条复核，不因首词可执行而直接补课"
"8","cloud-cli","华为云 CLI","hw-az-aks-credentials","az aks get-credentials","2","command","否","无课无卡","","","","按命令补强取舍逐条复核，不因首词可执行而直接补课"
"8","cloud-cli","华为云 CLI","hw-cross-aksk-best-practice","跨云 AK/SK 与 IAM 子用户最佳实践","3","recipe","否","有卡无课","","card-path-cloud-init-credential","","评估补真实环境操作讲解"
"8","cloud-cli","华为云 CLI","hw-cross-dryrun","--dryrun / -dryRun（预演）","2","recipe","否","已教已练","hw-obs-publish-dryrun","card-hw-obsutil-cp-recursive-flag;card-hw-obsutil-dryrun-casing","","已贯通"
"8","cloud-cli","华为云 CLI","hw-cross-paging-backoff","分页与限流退避（跨云通用）","3","recipe","否","有卡无课","","card-hw-ecs-count-vs-array-len;card-hw-batch-accepted-not-done","","评估补真实环境操作讲解"
"8","cloud-cli","华为云 CLI","hw-cross-region-endpoint","region 与 endpoint 对应关系（跨云）","2","recipe","否","有卡无课","","card-hw-region-vs-endpoint-cross","","评估补真实环境操作讲解"
"8","iac","Terraform / Ansible","iac-tf-init","terraform init","1","command","是","已教已练","iac-tf-plan-review;iac-tf-validate-before-commit;iac-tf-import-handover","card-tf-state-in-git","","已贯通"
"8","iac","Terraform / Ansible","iac-tf-plan","terraform plan","1","command","是","已教已练","iac-tf-plan-review;iac-tf-destroy-triage","card-tf-plan-out-file;card-tf-import-no-config-generated;card-tf-validate-vs-plan","","已贯通"
"8","iac","Terraform / Ansible","iac-tf-apply","terraform apply","2","command","是","有卡无课","","card-tf-plan-out-file;card-tf-taint-vs-replace;card-tf-state-lock-stuck","","评估补课程步骤"
"8","iac","Terraform / Ansible","iac-tf-destroy","terraform destroy","2","command","是","有卡无课","","card-tf-state-rm-vs-destroy","","评估补课程步骤"
"8","iac","Terraform / Ansible","iac-tf-validate","terraform validate","1","command","是","已教已练","iac-tf-validate-before-commit","card-tf-validate-vs-plan","","已贯通"
"8","iac","Terraform / Ansible","iac-tf-fmt","terraform fmt","1","command","是","已教已练","iac-tf-validate-before-commit","card-tf-validate-vs-plan","","已贯通"
"8","iac","Terraform / Ansible","iac-tf-output","terraform output","2","command","是","有卡无课","","card-gap-tf-output-sensitive","","评估补课程步骤"
"8","iac","Terraform / Ansible","iac-tf-refresh","terraform refresh","2","command","是","无课无卡","","","","按命令补强取舍逐条复核，不因首词可执行而直接补课"
"8","iac","Terraform / Ansible","iac-tf-state-list","terraform state list / show","2","command","是","已教已练","iac-tf-plan-review;iac-tf-destroy-triage;iac-tf-import-handover","card-tf-state-mv-vs-import","","已贯通"
"8","iac","Terraform / Ansible","iac-tf-state-mv","terraform state mv","3","command","是","已教已练","iac-tf-import-handover","card-tf-state-mv-vs-import","","已贯通"
"8","iac","Terraform / Ansible","iac-tf-state-rm","terraform state rm","3","command","是","有卡无课","","card-tf-state-rm-vs-destroy;card-tf-import-no-config-generated","","评估补课程步骤"
"8","iac","Terraform / Ansible","iac-tf-import","terraform import","3","command","是","已教已练","iac-tf-import-handover","card-tf-state-rm-vs-destroy;card-tf-state-mv-vs-import;card-tf-import-no-config-generated","","已贯通"
"8","iac","Terraform / Ansible","iac-tf-taint","terraform taint / untaint","3","command","是","有卡无课","","card-tf-taint-vs-replace","","评估补课程步骤"
"8","iac","Terraform / Ansible","iac-tf-workspace","terraform workspace","2","command","是","无课无卡","","","","按命令补强取舍逐条复核，不因首词可执行而直接补课"
"8","iac","Terraform / Ansible","iac-tf-backend","backend ""s3""（华为云 OBS 远端状态）","3","recipe","否","有卡无课","","card-tf-state-lock-stuck;card-tf-state-in-git","","评估补真实环境操作讲解"
"8","iac","Terraform / Ansible","iac-tf-console","terraform console","3","command","是","有卡无课","","card-path-terraform-debug","","评估补课程步骤"
"8","iac","Terraform / Ansible","iac-tf-graph","terraform graph","3","command","是","有课无卡","iac-tf-destroy-triage","","","评估补迁移/辨析卡"
"8","iac","Terraform / Ansible","iac-tf-providers-lock","terraform providers lock","3","command","是","有卡无课","","card-tf-state-in-git","","评估补课程步骤"
"8","iac","Terraform / Ansible","iac-tf-force-unlock","terraform force-unlock","3","command","是","有卡无课","","card-tf-state-lock-stuck","","评估补课程步骤"
"8","iac","Terraform / Ansible","iac-tf-log","TF_LOG / TF_LOG_PATH","3","command","否","有卡无课","","card-path-terraform-debug","","评估补真实环境操作讲解"
"8","iac","Terraform / Ansible","iac-tf-variable","variable 与 tfvars","2","recipe","否","有卡无课","","card-path-terraform-inputs","","评估补真实环境操作讲解"
"8","iac","Terraform / Ansible","iac-tf-locals","locals","2","command","否","有卡无课","","card-path-terraform-inputs","","评估补真实环境操作讲解"
"8","iac","Terraform / Ansible","iac-tf-output-block","output 块","2","recipe","否","有卡无课","","card-gap-tf-output-sensitive","","评估补真实环境操作讲解"
"8","iac","Terraform / Ansible","iac-tf-count-foreach","count / for_each / dynamic","3","command","否","有卡无课","","card-path-terraform-inputs","","评估补真实环境操作讲解"
"8","iac","Terraform / Ansible","iac-tf-lifecycle","depends_on / lifecycle","3","command","否","有卡无课","","card-tf-import-no-config-generated;card-tf-taint-vs-replace","","评估补真实环境操作讲解"
"8","iac","Terraform / Ansible","iac-ans-adhoc","ansible（ad-hoc 命令）","1","recipe","否","已教已练","iac-ans-idempotent-check","card-ans-command-vs-shell","","已贯通"
"8","iac","Terraform / Ansible","iac-ans-playbook","ansible-playbook","2","command","是","已教已练","iac-ans-idempotent-check;iac-ans-vault-secrets","card-ans-check-mode-blindspot","","已贯通"
"8","iac","Terraform / Ansible","iac-ans-vault","ansible-vault","2","command","是","有课无卡","iac-ans-vault-secrets","","","评估补迁移/辨析卡"
"8","iac","Terraform / Ansible","iac-ans-galaxy","ansible-galaxy","2","command","是","有卡无课","","card-path-ansible-reuse","","评估补课程步骤"
"8","iac","Terraform / Ansible","iac-ans-doc","ansible-doc","1","command","是","有卡无课","","card-path-ansible-reuse","","评估补课程步骤"
"8","iac","Terraform / Ansible","iac-ans-config","ansible-config","2","command","是","有课无卡","iac-ans-idempotent-check","","","评估补迁移/辨析卡"
"8","iac","Terraform / Ansible","iac-ans-inventory","ansible-inventory","2","command","是","有课无卡","iac-ans-idempotent-check","","","评估补迁移/辨析卡"
"8","iac","Terraform / Ansible","iac-ans-command-shell","command / shell 模块","2","recipe","是","有卡无课","","card-ans-command-vs-shell;card-ans-check-mode-blindspot","","评估补课程步骤"
"8","iac","Terraform / Ansible","iac-ans-copy","copy 模块","2","recipe","否","有卡无课","","card-path-ansible-module-choice","","评估补真实环境操作讲解"
"8","iac","Terraform / Ansible","iac-ans-file","file 模块","2","recipe","是","有卡无课","","card-path-ansible-module-choice","","评估补课程步骤"
"8","iac","Terraform / Ansible","iac-ans-template","template 模块","3","recipe","否","有卡无课","","card-path-ansible-module-choice","","评估补真实环境操作讲解"
"8","iac","Terraform / Ansible","iac-ans-user-group","user / group 模块","2","recipe","否","有卡无课","","card-path-ansible-platform","","评估补真实环境操作讲解"
"8","iac","Terraform / Ansible","iac-ans-yum-apt","yum / apt 模块","2","recipe","否","有卡无课","","card-path-ansible-platform","","评估补真实环境操作讲解"
"8","iac","Terraform / Ansible","iac-ans-service","service / systemd 模块","2","recipe","是","有卡无课","","card-path-ansible-module-choice","","评估补课程步骤"
"8","iac","Terraform / Ansible","iac-ans-lineinfile","lineinfile 模块","2","recipe","否","有卡无课","","card-path-ansible-module-choice","","评估补真实环境操作讲解"
"8","iac","Terraform / Ansible","iac-ans-become","become / become_user","2","command","否","有卡无课","","card-path-ansible-platform","","评估补真实环境操作讲解"
"8","iac","Terraform / Ansible","iac-ans-handlers","handlers 与 notify","3","recipe","否","有卡无课","","card-ans-check-mode-blindspot","","评估补真实环境操作讲解"
"8","iac","Terraform / Ansible","iac-ans-roles","roles 与目录结构","3","recipe","否","有卡无课","","card-path-ansible-reuse","","评估补真实环境操作讲解"
"8","iac","Terraform / Ansible","iac-ans-when-loop","when 条件与 loop","3","recipe","否","有卡无课","","card-path-ansible-platform","","评估补真实环境操作讲解"
"8","iac","Terraform / Ansible","iac-ans-register","register 与 failed_when / changed_when","3","recipe","否","有卡无课","","card-ans-command-vs-shell","","评估补真实环境操作讲解"
"8","cicd","CI/CD 与 Git","ci-git-init","git init","1","command","是","有卡无课","","card-git-not-a-repository","","评估补课程步骤"
"8","cicd","CI/CD 与 Git","ci-git-clone","git clone","1","command","是","有卡无课","","card-git-not-a-repository","","评估补课程步骤"
"8","cicd","CI/CD 与 Git","ci-git-add","git add","1","command","是","已教已练","ci-git-commit-config","card-git-diff-three-way;card-git-nothing-added-to-commit;card-git-status-porcelain;card-gitignore-dir-vs-glob;card-git-checkout-vs-restore;card-git-commit-a-vs-add-all","","已贯通"
"8","cicd","CI/CD 与 Git","ci-git-status","git status","1","command","是","已教已练","ci-git-commit-config;ci-git-branch-fix;ci-which-version-to-rollback;ci-diff-before-commit;ci-hotfix-branch","card-chain-git-staged-diff","","已贯通"
"8","cicd","CI/CD 与 Git","ci-git-commit","git commit","1","command","是","已教已练","ci-git-commit-config;ci-git-branch-fix","card-git-diff-three-way;card-git-nothing-added-to-commit;card-gitignore-dir-vs-glob;card-git-config-author-identity;card-git-commit-a-vs-add-all","","已贯通"
"8","cicd","CI/CD 与 Git","ci-git-push","git push","1","command","是","有课无卡","ci-git-commit-config;ci-git-branch-fix","","","评估补迁移/辨析卡"
"8","cicd","CI/CD 与 Git","ci-git-pull","git pull","1","command","是","有卡无课","","card-git-fetch-vs-pull","","评估补课程步骤"
"8","cicd","CI/CD 与 Git","ci-git-fetch","git fetch","2","command","是","有卡无课","","card-git-fetch-vs-pull;card-git-branch-a-missing-remote","","评估补课程步骤"
"8","cicd","CI/CD 与 Git","ci-git-branch","git branch","1","command","是","已教已练","ci-git-branch-fix","card-git-branch-a-missing-remote","","已贯通"
"8","cicd","CI/CD 与 Git","ci-git-switch","git switch / checkout","1","command","是","已教已练","ci-git-branch-fix;ci-hotfix-branch","card-git-checkout-vs-restore","","已贯通"
"8","cicd","CI/CD 与 Git","ci-git-merge","git merge","2","command","是","有卡无课","","card-gap-git-rebase-merge","","评估补课程步骤"
"8","cicd","CI/CD 与 Git","ci-git-rebase","git rebase","3","command","是","有卡无课","","card-gap-git-rebase-merge","","评估补课程步骤"
"8","cicd","CI/CD 与 Git","ci-git-stash","git stash","2","command","是","有卡无课","","card-gap-git-stash-untracked","","评估补课程步骤"
"8","cicd","CI/CD 与 Git","ci-git-log","git log","1","command","是","已教已练","ci-git-commit-config;ci-git-log-tag;ci-which-version-to-rollback;ci-hotfix-branch","card-git-log-oneline-scope;card-git-log-count-flag","","已贯通"
"8","cicd","CI/CD 与 Git","ci-git-diff","git diff","1","command","是","已教已练","ci-git-commit-config;ci-git-log-tag","card-git-diff-three-way;card-git-nothing-added-to-commit;card-git-status-porcelain;card-git-log-oneline-scope;card-git-log-count-flag","","已贯通"
"8","cicd","CI/CD 与 Git","ci-git-cherry-pick","git cherry-pick","3","command","是","有卡无课","","card-path-git-isolated-fix","","评估补课程步骤"
"8","cicd","CI/CD 与 Git","ci-git-reset","git reset","3","command","是","有卡无课","","card-git-reset-vs-revert","","评估补课程步骤"
"8","cicd","CI/CD 与 Git","ci-git-revert","git revert","2","command","是","有卡无课","","card-git-reset-vs-revert","","评估补课程步骤"
"8","cicd","CI/CD 与 Git","ci-git-reflog","git reflog","3","command","是","有卡无课","","card-git-reset-vs-revert","","评估补课程步骤"
"8","cicd","CI/CD 与 Git","ci-git-tag","git tag","2","command","是","已教已练","ci-git-log-tag","card-git-log-oneline-scope","","已贯通"
"8","cicd","CI/CD 与 Git","ci-git-branch-remote","git remote / git branch -r","2","command","是","已教已练","ci-git-log-tag","card-git-fetch-vs-pull;card-git-branch-a-missing-remote","","已贯通"
"8","cicd","CI/CD 与 Git","ci-git-submodule","git submodule","3","command","是","有卡无课","","card-path-git-subproject","","评估补课程步骤"
"8","cicd","CI/CD 与 Git","ci-git-bisect","git bisect","4","command","是","有卡无课","","card-path-git-isolated-fix","","评估补课程步骤"
"8","cicd","CI/CD 与 Git","ci-git-worktree","git worktree","3","command","是","有卡无课","","card-path-git-isolated-fix","","评估补课程步骤"
"8","cicd","CI/CD 与 Git","ci-git-config","git config 常用项","1","recipe","是","有卡无课","","card-git-config-author-identity;card-git-not-a-repository","","评估补课程步骤"
"8","cicd","CI/CD 与 Git","ci-jenkins-cli","jenkins-cli","3","command","否","无课无卡","","","","按命令补强取舍逐条复核，不因首词可执行而直接补课"
"8","cicd","CI/CD 与 Git","ci-jenkins-pipeline","Jenkinsfile 声明式流水线结构","3","recipe","否","有卡无课","","card-ci-jenkins-credential-echo","","评估补真实环境操作讲解"
"8","cicd","CI/CD 与 Git","ci-jenkins-credentials","Jenkins credentials 引用","3","recipe","否","有卡无课","","card-ci-jenkins-credential-echo","","评估补真实环境操作讲解"
"8","cicd","CI/CD 与 Git","ci-jenkins-parallel","Jenkins parallel 并行阶段","3","recipe","否","无课无卡","","","","按命令补强取舍逐条复核，不因首词可执行而直接补课"
"8","cicd","CI/CD 与 Git","ci-jenkins-when","Jenkins when 条件","3","recipe","否","无课无卡","","","","按命令补强取舍逐条复核，不因首词可执行而直接补课"
"8","cicd","CI/CD 与 Git","ci-jenkins-params","Jenkins 构建参数与 parameters","3","recipe","否","无课无卡","","","","按命令补强取舍逐条复核，不因首词可执行而直接补课"
"8","cicd","CI/CD 与 Git","ci-jenkins-archive","Jenkins archiveArtifacts 制品归档","2","recipe","否","有卡无课","","card-path-pipeline-order-and-output","","评估补真实环境操作讲解"
"8","cicd","CI/CD 与 Git","ci-gitlab-yml",".gitlab-ci.yml 结构","3","recipe","否","无课无卡","","","","按命令补强取舍逐条复核，不因首词可执行而直接补课"
"8","cicd","CI/CD 与 Git","ci-gitlab-runner","gitlab-runner register","3","command","否","无课无卡","","","","按命令补强取舍逐条复核，不因首词可执行而直接补课"
"8","cicd","CI/CD 与 Git","ci-gitlab-services","GitLab CI services","3","command","否","无课无卡","","","","按命令补强取舍逐条复核，不因首词可执行而直接补课"
"8","cicd","CI/CD 与 Git","ci-gitlab-variables","GitLab CI 变量与 CI_* 内置变量","2","recipe","否","有卡无课","","card-path-pipeline-guardrails","","评估补真实环境操作讲解"
"8","cicd","CI/CD 与 Git","ci-gitlab-needs","GitLab CI needs 与 DAG","4","recipe","否","有卡无课","","card-path-pipeline-order-and-output","","评估补真实环境操作讲解"
"8","cicd","CI/CD 与 Git","ci-gitlab-rules","GitLab CI rules 与 only","3","recipe","否","有卡无课","","card-path-pipeline-guardrails","","评估补真实环境操作讲解"
"8","cicd","CI/CD 与 Git","ci-docker-buildx","docker buildx build --push","3","command","是","有卡无课","","card-ci-image-tag-latest","","评估补课程步骤"
"8","cicd","CI/CD 与 Git","ci-argocd-sync","argocd app sync / get","4","command","是","有卡无课","","card-ci-image-tag-latest","","评估补课程步骤"
"8","cicd","CI/CD 与 Git","ci-image-tag","镜像 tag 策略与灰度发布","4","recipe","否","有卡无课","","card-ci-image-tag-latest","","评估补真实环境操作讲解"
"8","kvm","虚拟化与镜像","vm-virsh-list","virsh list","1","command","是","已教已练","kvm-host-handover;kvm-vm-down;kvm-net-autostart;kvm-host-inventory-l1","card-kvm-shutdown-vs-destroy;card-kvm-destroy-vs-undefine;card-kvm-list-all-flag","cheat-vm-boot-fail","已贯通"
"8","kvm","虚拟化与镜像","vm-virsh-start","virsh start / shutdown","2","command","是","已教已练","kvm-vm-down","card-kvm-shutdown-vs-destroy;card-kvm-qemu-img-resize-plus","","已贯通"
"8","kvm","虚拟化与镜像","vm-virsh-destroy","virsh destroy","2","command","是","有卡无课","","card-kvm-shutdown-vs-destroy;card-kvm-destroy-vs-undefine","","评估补课程步骤"
"8","kvm","虚拟化与镜像","vm-virsh-console","virsh console","2","command","是","有卡无课","","card-kvm-console-when-network-down","","评估补课程步骤"
"8","kvm","虚拟化与镜像","vm-virsh-edit","virsh edit","3","command","是","有卡无课","","card-kvm-console-when-network-down","","评估补课程步骤"
"8","kvm","虚拟化与镜像","vm-virsh-dominfo","virsh dominfo / domblklist","2","command","是","已教已练","kvm-host-handover;kvm-image-inventory;kvm-vm-down;kvm-provision-web02;kvm-host-inventory-l1","card-kvm-destroy-vs-undefine;card-kvm-list-all-flag;card-kvm-domblklist-disk-path","","已贯通"
"8","kvm","虚拟化与镜像","vm-virsh-snapshot","virsh snapshot","3","command","是","有卡无课","","card-gap-virsh-snapshot-backup","","评估补课程步骤"
"8","kvm","虚拟化与镜像","vm-virsh-network","virsh net-list / net-start","3","command","是","有课无卡","kvm-net-autostart","","","评估补迁移/辨析卡"
"8","kvm","虚拟化与镜像","vm-virsh-pool","virsh pool-list / pool-define-as","3","command","是","已教已练","kvm-image-inventory","card-kvm-domblklist-disk-path","","已贯通"
"8","kvm","虚拟化与镜像","vm-virsh-autostart","virsh autostart","2","command","是","已教已练","kvm-host-handover;kvm-net-autostart","card-kvm-list-all-flag","","已贯通"
"8","kvm","虚拟化与镜像","vm-img-create","qemu-img create","2","command","是","有卡无课","","card-kvm-qcow2-vs-raw","","评估补课程步骤"
"8","kvm","虚拟化与镜像","vm-img-info","qemu-img info","1","command","是","已教已练","kvm-image-inventory;kvm-provision-web02;kvm-host-inventory-l1","card-kvm-resize-no-shrink;card-kvm-qcow2-vs-raw;card-kvm-domblklist-disk-path;card-kvm-qemu-img-resize-plus","cheat-vm-boot-fail","已贯通"
"8","kvm","虚拟化与镜像","vm-img-convert","qemu-img convert","3","command","是","有卡无课","","card-kvm-qcow2-vs-raw","","评估补课程步骤"
"8","kvm","虚拟化与镜像","vm-img-resize","qemu-img resize","3","command","是","有卡无课","","card-kvm-resize-no-shrink;card-kvm-qemu-img-resize-plus","","评估补课程步骤"
"8","kvm","虚拟化与镜像","vm-img-snapshot","qemu-img snapshot","3","command","是","有卡无课","","card-kvm-resize-no-shrink","","评估补课程步骤"
"8","kvm","虚拟化与镜像","vm-img-virt-install","virt-install","3","command","是","有课无卡","kvm-provision-web02","","","评估补迁移/辨析卡"
"8","kvm","虚拟化与镜像","vm-img-virt-customize","virt-customize","3","command","是","有卡无课","","card-path-image-customization","","评估补课程步骤"
"8","kvm","虚拟化与镜像","vm-img-guestfish","guestfish / libguestfs","4","command","是","已教已练","kvm-provision-web02;kvm-offline-rescue","card-chain-kvm-rescue","","已贯通"
"8","kvm","虚拟化与镜像","vm-cloud-cloud-init","cloud-init 调试","3","recipe","否","有卡无课","","card-kvm-console-when-network-down","","评估补真实环境操作讲解"
"8","kvm","虚拟化与镜像","vm-cloud-user-data","user-data / meta-data 写法","3","recipe","否","有卡无课","","card-path-image-customization","","评估补真实环境操作讲解"
"8","kvm","虚拟化与镜像","vm-cloud-localds","cloud-localds","3","command","否","有课无卡","kvm-provision-web02","","","评估补迁移/辨析卡"
"8","kvm","虚拟化与镜像","vm-cloud-image-flow","云镜像制作完整流程（组合）","4","recipe","否","有卡无课","","card-path-image-customization","","评估补真实环境操作讲解"
"8","kvm","虚拟化与镜像","vm-misc-packer","packer","3","command","否","无课无卡","","","","按命令补强取舍逐条复核，不因首词可执行而直接补课"
"8","kvm","虚拟化与镜像","vm-misc-vagrant","vagrant","2","command","是","无课无卡","","","","按命令补强取舍逐条复核，不因首词可执行而直接补课"
"8","kvm","虚拟化与镜像","vm-misc-govc","govc","3","command","否","无课无卡","","","","按命令补强取舍逐条复核，不因首词可执行而直接补课"
"9","security","安全与合规","sec-openssl-sclient","openssl s_client","3","command","是","已教已练","sec-chain-incomplete","card-sec-curl-k-scope","","已贯通"
"9","security","安全与合规","sec-openssl-x509","openssl x509","2","command","是","有卡无课","","card-sec-cert-expiry-days-left;card-gap-cert-chain","cheat-cert-expired","评估补课程步骤"
"9","security","安全与合规","sec-openssl-req","openssl req -new -x509","3","command","是","有卡无课","","card-path-certificate-chain","","评估补课程步骤"
"9","security","安全与合规","sec-openssl-genrsa","openssl genrsa","2","command","是","有卡无课","","card-path-certificate-chain","","评估补课程步骤"
"9","security","安全与合规","sec-openssl-dgst","openssl dgst","2","command","是","已教已练","sec-release-sign-gpg","card-chain-release-signature","","已贯通"
"9","security","安全与合规","sec-cert-expiry-check","证书到期批量巡检（组合）","3","recipe","否","有卡无课","","card-sec-curl-k-scope;card-sec-cert-expiry-days-left","","评估补真实环境操作讲解"
"9","security","安全与合规","sec-cert-chain","证书链不完整排查（组合）","4","recipe","否","已教已练","sec-chain-incomplete","card-sec-curl-k-scope;card-sec-cert-expiry-days-left;card-gap-cert-chain","","已贯通"
"9","security","安全与合规","sec-certbot-renew","certbot renew","2","command","否","有卡无课","","card-sec-cert-expiry-days-left","","评估补真实环境操作讲解"
"9","security","安全与合规","sec-gpg","gpg","3","command","是","已教已练","sec-release-sign-gpg","card-chain-release-signature","","已贯通"
"9","security","安全与合规","sec-ssh-keygen","ssh-keygen（密钥类型选择）","2","recipe","否","已教已练","cap-security-incident","card-sec-ssh-private-key-mode;card-sec-chmod-600-numeric","","已贯通"
"9","security","安全与合规","sec-getenforce","getenforce / setenforce","2","command","是","已教已练","sec-selinux-www-403","card-sec-selinux-avc-ausearch","cheat-nginx-502-504-499;cheat-selinux-denied","已贯通"
"9","security","安全与合规","sec-semanage-fcontext","semanage fcontext / port","4","command","是","已教已练","sec-selinux-www-403","card-sec-selinux-avc-ausearch","cheat-selinux-denied","已贯通"
"9","security","安全与合规","sec-restorecon","restorecon","3","command","是","已教已练","sec-selinux-www-403","card-sec-selinux-avc-ausearch","cheat-selinux-denied","已贯通"
"9","security","安全与合规","sec-ausearch","ausearch / aureport（SELinux 拒绝排查）","3","recipe","是","已教已练","sec-selinux-www-403","card-sec-selinux-avc-ausearch","cheat-selinux-denied","已贯通"
"9","security","安全与合规","sec-aa-status","aa-status","2","command","是","有卡无课","","card-path-policy-baseline","","评估补课程步骤"
"9","security","安全与合规","sec-auditctl","auditctl","4","command","是","有卡无课","","card-sec-journal-applog-audit","","评估补课程步骤"
"9","security","安全与合规","sec-lastb","lastb / last","2","command","是","已教已练","sec-ssh-brute-force","card-sec-secure-log-failed-password;card-sec-last-vs-lastb-vs-secure","","已贯通"
"9","security","安全与合规","sec-secure-log","登录日志爆破特征分析（组合）","3","recipe","否","已教已练","cap-new-server-audit;cap-security-incident;sec-ssh-brute-force;sec-baseline-eye","card-sec-secure-log-failed-password;card-sec-last-vs-lastb-vs-secure","","已贯通"
"9","security","安全与合规","sec-fail2ban","fail2ban-client status","2","command","是","有课无卡","sec-ssh-brute-force","","","评估补迁移/辨析卡"
"9","security","安全与合规","sec-lynis","lynis audit system","3","command","是","有课无卡","sec-upload-scan-baseline","","","评估补迁移/辨析卡"
"9","security","安全与合规","sec-rpm-va","rpm -Va / debsums","3","command","是","已教已练","sec-upload-scan-baseline","card-sec-md5sum-baseline-compare","","已贯通"
"9","security","安全与合规","sec-backdoor-check","后门排查（组合）","4","recipe","否","有卡无课","","card-sec-last-vs-lastb-vs-secure;card-sec-ssh-private-key-mode;card-sec-redis-listen-address;card-sec-chmod-600-numeric;card-sec-md5sum-baseline-compare","","评估补真实环境操作讲解"
"9","security","安全与合规","sec-nmap","nmap","2","command","是","有卡无课","","card-sec-sg-source-group-not-cidr","","评估补课程步骤"
"9","security","安全与合规","sec-masscan","masscan","3","command","是","无课无卡","","","","按命令补强取舍逐条复核，不因首词可执行而直接补课"
"9","security","安全与合规","sec-nikto","nikto","2","command","是","无课无卡","","","","按命令补强取舍逐条复核，不因首词可执行而直接补课"
"9","security","安全与合规","sec-trivy","trivy image","2","command","是","有卡无课","","card-gap-trivy-ci","","评估补课程步骤"
"9","security","安全与合规","sec-kube-bench","kube-bench","3","command","是","有卡无课","","card-path-policy-baseline","","评估补课程步骤"
"9","security","安全与合规","sec-clamav","clamscan / freshclam","2","command","是","有课无卡","sec-upload-scan-baseline","","","评估补迁移/辨析卡"
"9","security","安全与合规","sec-chroot","chroot 与最小权限运行","3","recipe","否","有卡无课","","card-path-sandbox-root","cheat-k8s-node","评估补真实环境操作讲解"
"9","security","安全与合规","sec-vault-kv","vault kv put / kv get","3","command","否","有卡无课","","card-sec-aksk-leak-stop-first","","评估补真实环境操作讲解"
"9","security","安全与合规","sec-huawei-iam","华为云 IAM 子用户与最小权限","2","recipe","否","有卡无课","","card-sec-aksk-leak-stop-first","","评估补真实环境操作讲解"
"9","security","安全与合规","sec-aksk-leak","AK/SK 泄露应急响应（组合）","4","recipe","否","有卡无课","","card-hw-aksk-leak-first-action;card-sec-aksk-leak-stop-first","","评估补真实环境操作讲解"
"9","security","安全与合规","sec-sg-minimal","安全组最小开放自查","2","recipe","否","有卡无课","","card-hw-sg-union-and-default-deny;card-sec-redis-listen-address;card-sec-sg-source-group-not-cidr","","评估补真实环境操作讲解"
"9","security","安全与合规","sec-obs-bucket-acl","对象存储桶权限自查","3","recipe","否","有卡无课","","card-sec-obs-bucket-public-read","","评估补真实环境操作讲解"
"9","security","安全与合规","sec-waf-ddos","WAF 与 DDoS 基础配置","3","recipe","否","无课无卡","","","","按命令补强取舍逐条复核，不因首词可执行而直接补课"
"9","security","安全与合规","sec-setenforce","setenforce","2","command","是","无课无卡","","","cheat-selinux-denied","按命令补强取舍逐条复核，不因首词可执行而直接补课"
"9","security","安全与合规","sec-getsebool","getsebool","2","command","是","有卡无课","","card-path-policy-baseline","cheat-nginx-upstream-down","评估补课程步骤"
"9","security","安全与合规","sec-setsebool","setsebool","2","command","是","无课无卡","","","cheat-selinux-denied","按命令补强取舍逐条复核，不因首词可执行而直接补课"
"9","perf","性能压测与调优","pf-ab","ab","2","command","是","已教已练","perf-baseline-http;perf-result-longtail","card-perf-ab-n-vs-c;card-perf-layer-baseline","","已贯通"
"9","perf","性能压测与调优","pf-wrk","wrk","3","command","是","已教已练","perf-result-longtail","card-perf-ab-n-vs-c;card-perf-layer-baseline","","已贯通"
"9","perf","性能压测与调优","pf-hey","hey","2","command","是","有课无卡","perf-result-longtail","","","评估补迁移/辨析卡"
"9","perf","性能压测与调优","pf-siege","siege","2","command","是","有课无卡","perf-result-longtail","","","评估补迁移/辨析卡"
"9","perf","性能压测与调优","pf-jmeter","jmeter -n -t -l","3","command","是","有卡无课","","card-perf-ab-n-vs-c","","评估补课程步骤"
"9","perf","性能压测与调优","pf-locust","locust","3","command","是","有卡无课","","card-perf-ab-n-vs-c","","评估补课程步骤"
"9","perf","性能压测与调优","pf-sysbench","sysbench","3","command","是","已教已练","perf-baseline-http","card-perf-layer-baseline","","已贯通"
"9","perf","性能压测与调优","pf-fio","fio","4","command","是","已教已练","perf-io-bottleneck","card-perf-iostat-util-await;card-perf-layer-baseline","","已贯通"
"9","perf","性能压测与调优","pf-iperf3","iperf3","2","command","是","有课无卡","perf-client-side","","","评估补迁移/辨析卡"
"9","perf","性能压测与调优","pf-mtr","mtr -r -c","3","command","是","有课无卡","perf-client-side","","","评估补迁移/辨析卡"
"9","perf","性能压测与调优","pf-ping-mtu","ping -M do -s","3","command","是","有卡无课","","card-gap-mtu-payload","","评估补课程步骤"
"9","perf","性能压测与调优","pf-ss-summary","ss -s","2","command","是","已教已练","perf-client-side","card-perf-ss-summary-states","","已贯通"
"9","perf","性能压测与调优","pf-ulimit-n","ulimit -n 与句柄上限持久化","3","recipe","是","已教已练","perf-baseline-http","card-perf-ss-summary-states;card-perf-somaxconn-vs-synbacklog","cheat-too-many-files","已贯通"
"9","perf","性能压测与调优","pf-sysctl","sysctl -w 与持久化","3","recipe","是","已教已练","perf-kernel-tuning","card-perf-somaxconn-vs-synbacklog;card-perf-vmstat-interval-count","cheat-docker-network","已贯通"
"9","perf","性能压测与调优","pf-somaxconn","net.core.somaxconn","3","command","否","已教已练","perf-baseline-http;perf-kernel-tuning","card-perf-somaxconn-vs-synbacklog","","已贯通"
"9","perf","性能压测与调优","pf-tcp-tw-reuse","net.ipv4.tcp_tw_reuse 与 TIME_WAIT 优化","4","recipe","否","已教已练","perf-client-side","card-perf-ss-summary-states","","已贯通"
"9","perf","性能压测与调优","pf-file-max","fs.file-max","3","command","否","已教已练","perf-kernel-tuning","card-perf-somaxconn-vs-synbacklog","","已贯通"
"9","perf","性能压测与调优","pf-swappiness","vm.swappiness","3","command","否","已教已练","perf-io-bottleneck","card-perf-vmstat-first-row","","已贯通"
"9","perf","性能压测与调优","pf-taskset","taskset","3","command","是","已教已练","perf-baseline-http;perf-client-side","card-perf-single-thread-ceiling;card-perf-cpu-topology-nproc","","已贯通"
"9","perf","性能压测与调优","pf-numactl","numactl","4","command","是","有卡无课","","card-perf-cpu-topology-nproc","","评估补课程步骤"
"9","perf","性能压测与调优","pf-jstat","jstat -gcutil","3","command","是","有课无卡","perf-jvm-gc","","","评估补迁移/辨析卡"
"9","perf","性能压测与调优","pf-gc-log","GC 日志参数与 GCViewer","4","recipe","否","有课无卡","perf-jvm-gc","","","评估补迁移/辨析卡"
"9","perf","性能压测与调优","pf-jstack-cpu","高 CPU 线程定位（组合）","4","recipe","否","已教已练","perf-jvm-gc","card-perf-single-thread-ceiling;card-perf-ps-sort-desc","","已贯通"
"9","perf","性能压测与调优","pf-perf","perf top / perf record","4","command","是","已教已练","perf-jvm-gc","card-perf-app-waiting-downstream","","已贯通"
"9","perf","性能压测与调优","pf-bpftrace","bpftrace","4","command","是","有卡无课","","card-perf-app-waiting-downstream","","评估补课程步骤"
